Binghamton University,160
The,150
Events Center,131
Binghamton,128
University Union,94
Engineering,81
Students,67
A,54
To,53
Anderson Center,52
Read,50
Fine Arts Building,48
Glenn G Bartle Library,48
Applied Science,46
Watson School,45
Dickinson Community,45
Glenn G Bartle Library Tower,39
University,38
Performing Arts,38
Mountainview College,36
West Gym,34
Science,34
Peace Quad,33
Harpur College,33
Newing College,31
From,30
School,28
Spring Fling,27
Bearcats Sports Complex,25
Mandela Room,25
Innovative Technologies Complex,25
Community,25
Nature Preserve,24
President Harvey Stenger,24
East Gym,23
New York City,23
May,23
The Bearcats,22
English,21
March,21
Management,21
Brooklyn,21
Snow,20
Center,20
Lecture Hall,19
Watters Theater,18
Construction,18
Clock Tower,18
Binghamton’s,18
Lois B DeFleur Walkway,18
Bearcats,17
Harpur Quad,17
Science Building,17
Hinman College,17
April,17
Syracuse,16
Nursing,16
University Downtown Center,16
Public Affairs,16
Incoming,16
Homecoming Weekend,16
Johnson City,16
Couper Administration Building,15
PhD,15
Members,15
College,15
Saturday,15
Bearcat,15
Friday,15
Decker School,14
September,14
Baxter,14
Vestal,14
Jewish Student Life,14
University Union West,14
College-in-the-Woods,14
Homecoming,14
Associate Professor,14
Endicott,14
Commencement,13
Nov,13
This,13
Chabad Center,12
Engineering Building,12
Sept,12
American,12
Class,12
Shabbat,12
Queens,12
China,12
Physical Facilities,11
University Art Museum,11
Department,11
Thomas J Watson School,11
Chenango Champlain Collegiate Center,11
As,11
Family Weekend,11
Memorial Courtyard,10
Appalachian Collegiate Center,10
University’s,10
Excellence,10
Pictured,10
Fall,10
Academic Building A,10
Albany,10
Cornell,10
Frost Fest,9
Graduate,9
Bingham Hall,9
Robert Bertoia,9
The Glenn G Bartle Library Tower,9
Oct,9
Buffalo,9
Sunday,9
Oakdale Mall,8
Over,8
Cornell University,8
Fall Commencement,8
Studying,8
Binghamton University’s,8
Education,8
Tillman Lobby,8
Binghamton University President Lois B DeFleur,8
Aug,8
Assistant Professor,8
Old Union Hall,8
COMMENCEMENT,8
Arts,8
Orientation,8
University Fest,8
Glenn G Bartle Drive,7
Hartford,7
Jan,7
Walking,7
Academic Building B,7
Hillel,7
Educational Opportunity Program,7
Graduate School,7
Harpur College Orientation,7
Rochester,7
President C Peter Magrath,7
City,7
Late Nite Madness,7
Bronx,7
Dec,7
Discovery Center,6
Westchester,6
Artists Program,6
Anderson Center’s Osterhout Concert Theater,6
B,6
The Clock Tower,6
Union,6
Dickinson Amphitheater,6
Residential Life,6
Feb,6
Dean,6
Maine,6
October,6
Monday,6
Student Wing,6
Sciences,6
St Bonaventure,6
Learn,6
In,6
New,6
Society,6
Workers,6
University Medal,6
Internship Fair,6
President Harvey G Stenger,6
Economics,6
Campus Recreational Services,6
An,6
Maryland,6
Summer Scholars,6
Electrical,6
Casadesus Recital Hall,6
University Bookstore,6
December,6
Daily Photo,6
June,5
Westbury,5
E.W Heier Teaching,5
McNair,5
Susquehanna Community,5
Gov Andrew Cuomo,5
Stony Brook,5
Jazzman’s Cafe,5
Anderson Center Chamber Hall,5
President Lois B DeFleur,5
Chinese Opera,5
Dickinson Dining Hall,5
FitSpace,5
Hollywood,5
Newing,5
Fine Arts,5
Advocacy Day,5
Susquehanna River,5
The Couper Administration Building,5
National Engineers Week,5
Hinman Dining Hall,5
Humanity,5
Fame,5
Chenango Room,5
Rafuse Hall,5
Binghamton University Forum,5
University Union’s Mandela Room,5
Rohr Chabad Center,5
Alumnus,5
Endwell,5
Confucius Institute,5
The Glenn G Bartle Library,5
Learning,5
At,5
Chinese,5
Patrick Curley,5
Outdoor Pursuits,5
BU Zoo,5
Andrea Holmes,5
Baltimore County,5
Sunday Dec,4
Vermont,4
Niagara,4
Purim Carnival,4
His,4
College-in-the-Woods Dining Hall,4
University Union. ,4
Freshmen,4
Einstein Bros Bagels,4
Fall Commencement Ceremony,4
Events Center The,4
Delaware Hall,4
NYSEG Stadium,4
Osterhout Concert Theater,4
Art,4
Aquatics Center,4
Academic Success Program,4
During,4
Bioengineering,4
Appalachian Dining Hall,4
Broome County,4
Academic A,4
Job,4
Chabad,4
The Anderson Center,4
Colonial Athletic Association,4
International Fest,4
Civic Engagement,4
Pegasus,4
Grand Corridor,4
The Object,4
Undergraduate Admissions,4
Binghamton University’s Harpur College,4
New Hampshire,4
St Baldrick’s Foundation,4
Master,4
Year,4
Recreation Park,4
United States,4
The Black Student Union,4
Galumpha,4
Town,4
Career Development Center,4
With,4
Colgate University,4
Academic,4
MA,4
University Union The,4
Patricia A Saunders,4
Binghamton University Associate Professor,4
Events Center. ,4
Research Greenhouse,4
Dickinson Days Outdoor Festival,4
Object”,4
Distinguished Professor,4
Volleyball,4
The Memorial Courtyard,4
Warwick,4
Alumni,4
New York,4
After,4
Mechanical,4
Campus Recreation,4
UMass Lowell,4
Reflections,4
Black Student Union,4
Salvation Army,4
Chemistry,4
Syracuse University,3
Chenango River,3
Minority Participation,3
Veterans Day,3
Scarsdale,3
Tuesday,3
Children’s Home,3
Innovative Practice Center,3
Saratoga Springs,3
The Nature Preserve,3
Anthropology,3
Habitat,3
India,3
Work,3
South Korea,3
BTV,3
Computer Engineering,3
New York State University Police,3
Festival,3
They,3
Binghamton University Magazine:,3
UMBC,3
Sciences Division,3
The Binghamton University,3
Undergrounds Cafe,3
Earth Day,3
Rotunda,3
Ithaca,3
Anderson Center’s Chamber Hall,3
Hand,3
January,3
Engineers Week,3
Accountability,3
De-Stress December,3
About,3
Black History Month,3
Head,3
Pi Lambda Phi,3
Arel Moodie,3
MS,3
Santino DeAngelo,3
Nanuet,3
Leaves,3
Mountainview,3
She,3
Museum,3
Dylan Horvath,3
Panorama,3
Billy Baldwin,3
Campus Pre-School,3
CCPA,3
Baldwin,3
Division I,3
Binghamton University School,3
Dickinson Community. ,3
Hiawatha Landing,3
Sunday May,3
Pulitzer Prize-winning,3
Applied Sciences,3
Circle K,3
Old Union Hall. ,3
ID,3
It,3
Students Office,3
Ben Williamson,3
Science Center,3
Army,3
The BU Kickline,3
Oklahoma,3
America East Conference,3
Thursday,3
Watson,3
Pulitzer Prize,3
Signs,3
Srihari,3
Renovations,3
Turkey,3
Saturday Feb,3
Biotechnology Building,3
Practicing,3
Honduras,3
Public Archaeology Facility,3
Rob Tendy,3
Binghamton University President C Peter Magrath,3
World Trade Center,3
BU,3
For,3
Spring Valley,3
African,3
College Republicans,3
Mike Carbone,3
Hillel-JSU,3
Communiversity Block Party,3
Louis Stokes Alliance,3
Elizabeth Mozer,3
Binghamton University Professor,3
Winter Madness,3
Tulips,3
Latypov,3
Owego,3
Binghamton University Decker School,3
Holocaust,3
Academic Buildings A,3
Office,3
Late Nite,3
TV,3
International,3
Binghamton Mets,3
Binghamton The,3
Complex Kid!,3
National Residence Hall Honorary,3
America East,3
Teaching,3
Bartle Drive,3
Commack,3
Southern Tier’s,3
Career,3
I’m,3
John Arthur Cafe,3
He,3
Iva Partaleva,3
Friends,3
Student Association College,3
Jeopardy,3
Freshman,3
Fine Arts Building. ,3
WHRW,3
Patricia A Saunders Aquatic Center,3
Hanging,3
Silhouette,3
National Academy,3
Alumna,3
Dickinson Community Quad,3
Student Association’s,3
Student Association,3
Broadway,3
Relay For Life,3
Candor,3
Lake Lieberman,3
Fine Arts Building The,3
Yonkers,3
SOM,3
Jessica Phillips,3
Dickinson Community Dining Hall,3
Japan,3
Two,3
Chanukah,3
November,3
Performing Arts. ,3
Pennsylvania,3
February,3
Spanish,3
UMass,2
Binghamton Pictured,2
Jason Tuori,2
Binghamton Research Days,2
Sunrise,2
German Fulbright Summer Program,2
Exemplary Student Award,2
Korean Studies,2
Greene,2
Packaging,2
Nearly,2
Mechanical Engineering,2
Poughkeepsie,2
Painting,2
Robert Mansell,2
Bioengineering Fair,2
James Pitarresi,2
Charles Hyland,2
Harpur’s Ferry Student Volunteer Ambulance Service,2
All,2
New Rochelle,2
Monroe,2
Arduino,2
Greek God,2
Eli Portman,2
Junior Bearcats,2
Neha Khanna,2
Holi,2
Shakespeare’s,2
Virtual Sphere,2
University Art Museum The,2
Binghamton University President Harvey Stenger,2
Small Scale Systems Integration,2
Sodexo’s,2
Snowfall,2
Chicago,2
OCCT,2
Head Coach Nicole Scholl,2
Harpur College’s,2
Broome Community College,2
Saturday’s,2
Applied Science’s,2
Student Affairs Administration,2
Binghamton University Swimming,2
Washington,2
Binghamton Zoo,2
Glen,2
Rhetoric,2
Discover-e:,2
Professional Development,2
Caitlin Gotimer,2
State University,2
High Dynamic Range,2
Steve Max,2
On,2
John Vestal,2
Champlain,2
Admitted Student Open House,2
Ballroom Dance Revolution,2
Binghamton-area,2
Harpur’s Ferry,2
Building,2
SUNY,2
Facebook,2
PBS,2
Chenango/Champlain Collegiate Center,2
Salem Art Works,2
Jenna Domin,2
Revolutionary War,2
Korean,2
Sunday March,2
NBC,2
Runners,2
Bearcats Sports Complex Today,2
Carol Hanscom,2
Left,2
Roberson Museum,2
Stenger’s,2
Elmira,2
Grahamsville,2
Rec Center,2
Keller),2
World War II,2
The Indian Graduate Student Organization,2
Bearcats’,2
Naquan Ross,2
Harpur College Dean’s Office,2
Today,2
Les Wagner Rowing Center,2
Saturday The,2
Canisius,2
Dr Martin Luther King Jr,2
Warnerville,2
Theatre,2
Kenneth Lindsay,2
Kyrie Sutton,2
Yorktown,2
Binghamton University’s Theatre Department,2
Public Administration,2
Menorah,2
Lunch,2
Casino-in-the-Woods,2
Hayes,2
Traditions,2
Bearcat Binghamton’s,2
Entrepreneur,2
Children,2
Midnight Madness,2
Men’s,2
Binghamton University’s Thomas J Watson School,2
Jessica Moore,2
Simon Sez),2
Magrath,2
Broome County Courthouse,2
Elaine Heumann Memorial Foundation,2
Trumansburg,2
Ross Park Zoo,2
Yom HaShoah,2
Atka,2
Lijun Yin,2
Abigail Oakes,2
Shannon Hayes,2
Roughly,2
Physics Applied Physics,2
Alpha Phi,2
South Africa,2
The Center,2
Smart Energy Research,2
Huntington,2
Asia,2
TRiO,2
Tau Bearcat Room,2
Siena College,2
Binghamton’s Vaneeshia Paulk,2
Scott Diamond,2
History,2
Amanda Dettmann,2
Various,2
Philadelphia,2
Diana Siegel,2
Women’s,2
Jewish,2
Merrick,2
Binghamton University Ballroom Dance Team,2
Development Facility,2
Annie Smith,2
Independence Day,2
Rory Quiller,2
Research,2
Lecture Hall The,2
Don Walford,2
National Anthem,2
John McKenna IV Memorial,2
Parkinson’s,2
All-American,2
PlanetBike,2
Sunday Oct,2
Binghamton University Fine Arts Society,2
Hansel,2
Athletics Patrick Elliot,2
Cinema,2
Tau Beta Pi,2
The Science,2
David Klotzkin,2
Tailgating,2
Binghamton University Day,2
Columbia University,2
Alexa Zbytniewski,2
Engineering Building The,2
Autonomous Solar Power,2
Tennis,2
BU Dance Team,2
Women’s Club Soccer,2
Science I,2
MacArthur Elementary School,2
Drake,2
Challah,2
Nicole Scholl,2
Hughes Hall,2
Mark,2
Men,2
O’Connor Hall,2
Sunday April,2
Projects,2
Biological Sciences,2
New York City;,2
Jake Wentlet,2
Playing,2
Chenango Champlain Collegiate Center Dining Hall,2
Patrick Elliott,2
Week,2
American Cancer Society,2
Heart Holiday Project,2
LED,2
Sunday’s,2
Interim President C Peter Magrath,2
Marlon Beck II,2
Vestal Fire Department,2
Law,2
Asian,2
Leah Truncale,2
Ben Nicholson,2
Harpur Jazz Ensemble,2
Graduate School Commencement,2
Championship,2
NCAA,2
The Appalachian Collegiate Center,2
High Elements,2
Astronomy,2
Engineering Design Division,2
Nukporfe,2
Emily Goetz,2
Diving Team,2
Rosefsky Memorial Visiting Artist Endowment,2
Patti Dowd,2
Tony-winning,2
Rosefsky Gallery,2
Clouds,2
Colleges Against Cancer,2
Analytical,2
Horace Mann Elementary School,2
Harpur College Commencement,2
Hillside Community,2
Remembrance Day),2
Magic Paintbrush Project,2
Dickinson Community Pictured,2
Black Student Union’s,2
Tonight,2
IBM,2
The Tillman Lobby,2
South Salem,2
Niagara University,2
Circus Arts Club,2
Residents,2
Chenango,2
Undergraduate Darin Mihalik,2
Chinese Theatre Arts,2
The Links,2
The BU Zoo,2
Africana,2
Bix’s,2
Binghamton University Athletics Hall,2
Wednesday March,2
Environmental Health,2
Jeremy Ecock,2
More,2
August,2
Emiko Okamoto,2
Josephine Allen,2
Harpur Chorale,2
Laura Potel,2
Binghamton University Breakdance Squad,2
Boston,2
NASA,2
Mike Augliera,2
Indian,2
Stenger,2
Randall M-J Edouard,2
PricewaterhouseCoopers Scholars,2
Henry V,2
Women’s Chorus,2
Haiti,2
Student Art Show,2
Washington D.C,2
REACH,2
Highland Mills,2
Calli Seigart,2
Psychology Christopher Bishop,2
Glenn G Bartle Library The,2
Kappa Phi Lambda,2
Olympic,2
Held,2
Digman Hall,2
Liberal Arts,2
Syosset,2
Binghamton University Council,2
Sexuality Studies,2
Kathy Medovich,2
Co-Rec,2
Geography Mark Reisinger,2
Nature Preserve. ,2
Metis,2
"Object,”",2
Show”,2
Sociology,2
Love,2
African Student Organization,2
Kirkwood,2
Elizabeth Thompson,2
Apalachin,2
Many,2
International Students,2
Andy Horowitz,2
Arabic,2
Anderson Center. ,2
Danielle Nigro,2
Binghamton Read,2
Lecture Hall An,2
Neil Berg,2
Both,2
University Union Students,2
Friday Oct,2
Links,2
Marcella Green,2
The University Downtown Center,2
Clothesline Project,2
Siena,2
Fashion Show,2
Fire,2
Annual Health Fair,2
Davia,2
Amahl,2
Art Department,2
Approximately,2
Jake Wentlent,2
Harpur College Division,2
Locks,2
Dim Spark SFB,2
Student,2
West Gym This,2
Women Gender,2
Making,2
Sunday Aug,2
Students In Free Enterprise,2
Dickinson,2
Faculty Master,2
Cathy Frankenbach,2
Saturday Dec,2
Binghamton University’s School,2
Yom Ha’atzmaut Israel’s,2
Hiking,2
UCLA,2
American Flags,2
Professor,2
JoEllen Kuhlman,2
Safety,2
Innovative Technologies Complex The,2
Writing Initiative,2
Wednesday,2
Studio B,2
Library,2
Video,2
Johnson City Elementary,2
Thursday Feb,2
Humanities Commencement,2
Philosophy Politics,2
One,2
Graduate School Dean Nancy Stamp,2
President Barack Obama,2
Civic Engagement’s Bridging,2
Jewish Student Life The,2
RAs,2
Howard Hughes Medical Institute,2
Nurahmed,2
Kara Elofson,2
Diagnostics Laboratory,2
Blazo Kovacevic’s,2
Mansfield University,2
Family Weekend. ,2
American Red Cross,2
Binghamton University Volleyball Team,2
Mt St Mary’s College,2
Jon Plasse,2
White Plains,2
Tom Kremer,2
Late Nite Binghamton,2
Mark Reisinger,2
Susquehanna Room,2
Waving,2
Matthew O’Grady,2
Associate Professor James Burns,2
Chris Nanetti,2
David McDonald,2
Other,2
Development,2
Psychology Norman Spear,2
China”,2
Comedy Central,2
Sodexo Health Fair,2
High,2
The Clothesline Project,2
Wednesday Sept,2
Under,2
Sigma Delta Tau,2
Binghamton University Watson School,2
Newing Dining Hall,2
Binghamton University Magazine,2
Old Bethpage,2
Geese,2
Valentine’s Day,2
Music Department,2
Sand Mandala,2
Bahgat Sammakia,2
Whitney Point,2
Dickqan Williams,2
Campus,2
Research Days,2
Broome County Promise Zone,2
The Magic Paintbrush,2
MBA,2
Laurie Kasperek,2
East Gym The,2
Princeton University,2
Matthew Goodheart,2
Battle,2
The University Art Museum,2
Binghamton University. ,2
Cumulus,2
MTV,2
New York State Police,2
Chamber Hall,2
Ruben Santiago-Hudson,2
Multicultural Resource Center,2
Simon Says,2
Binghamton Enrichment Program,2
Binghamton University Read,2
Skaneateles,2
Kickline,2
Singapore,2
People,2
Binghamton University College Republicans,2
United Way Day,2
Ken Griffiths,2
High-dynamic-range,2
American Flag,2
Binghamton University’s College,2
CIW Dining Hall,2
Flowers,2
Applied Science. ,2
Vice President,2
Jack Fischer,2
Libby Tucker,2
Arduino Exposition,2
Shooting,2
Dage,1
Joshua B Ludzki MBA,1
Business Administration,1
Binghamton University President Harvey G Stenger Stenger’s,1
Melissa Esposito,1
Chris Beard,1
Binghamton University’s Innovative Technologies Complex.The,1
Brilliant Binghamton.” Photo Contest,1
Hurricane Sandy Relief,1
"Blood,”",1
Farid Muttaqin,1
University’s Interpersonal Violence Prevention Team,1
Kourtney Smith Ian Franks,1
National Coalition,1
BinghamtonUniversity,1
Central Valley,1
Voice,1
International Programs,1
Away Your Stress”,1
Conklin N.Y Read,1
Carl Xiao Isaac Sonaike Ann D’Angelo,1
Nicholas Kwan,1
Morgan Murphy,1
Clifford D Clark Diversity Fellowship,1
Binghamton University’s College Republicans,1
Owego April,1
Brianna Post,1
Morehead State University,1
Sept.10,1
Management’s,1
Binghamton’s Ryan Walter,1
Wonderland”,1
Modern Japan,1
Control Residential Life Physical Facilities University Police Harpur’s Ferry,1
Kyra Aloizos,1
Grammy-nominated,1
Alumna Amanda Casares’10,1
Jeffrey Mena,1
Research Greenhouse The Super Titan,1
The Caribbean Student Association Carnival,1
Freshmen Kasey Hill,1
Kaitlin Price,1
Towering,1
Athletes,1
Corey Juliano,1
Confucius Institute’s,1
Wyatt Deak,1
New Hyde Park;,1
Varsity Field,1
Dalai Lama,1
Lindsay Raulli,1
Erik,1
ESPN’s,1
Alumna Mary Ferraro,1
ECAC/IC4A Indoor Track Championships,1
St Peter’s,1
Alexis Ohanian,1
Sosa,1
BAE Systems,1
C Peter Magrath,1
Paul,1
Laura Vollmer,1
December First Friday Art Walk,1
"Your Side,”",1
American Museum,1
Trojan War,1
Higher Education….” Read,1
Bearcat Binghamton University’s,1
Endicott N.Y.,1
The Chainsmokers,1
Friendship Family Program,1
Captain John McKenna IV Military Courtesy Room,1
Simulation Elimination,1
BTV6,1
The DC Metro,1
Student Raymond Valenin,1
Old Rafuse. ,1
School-to-Careers Partnership,1
Career Development Center The,1
Theater,1
President Harvey Stenger;,1
Little Kiss”,1
Centereach,1
Snowflakes,1
Tropical Storm Lee Read,1
Jewish Sabbath,1
Jon McMahon Alex Nello,1
August Read,1
Kristen George Katerina Retzloff,1
Hailey,1
Watson School’s Engineering Design Division Freshman Arduino Expo,1
Rockland,1
Bethany Feldman,1
Huang,1
Ron Miles,1
Shmuel Bushwick,1
Scholar Association—in,1
BU Dance Team Cheer Squad,1
Seun Ku Kim,1
Marlee Shaffer,1
Holmdel,1
Sherman Texas,1
Distinguished Service Professor,1
Aerial,1
Gabrielle Ciraco,1
Victoria Stento,1
Kasey Robb,1
Marshal,1
Doctoral Hooding Ceremony,1
Champlain-Whitney,1
Livingston N.J.,1
Saturday Aug,1
United States Visit,1
Annual Busfield Memorial Regatta,1
Maine-Endwell Middle School,1
University Symphony Orchestra,1
Mike Love,1
Kate Cornelius,1
Dickinson Community The,1
Alex Richardson,1
Brad Litt,1
Color Scholastic Society,1
Snake The,1
Dexter,1
Group,1
Ken Jennings,1
Maurice Browne,1
Watch,1
Rolling Hills,1
Jo Cohen,1
Applied Science Read,1
Manalapan N.J.,1
Karmen,1
Heart Holiday Project Thousands,1
"Baby Doe,”",1
Caribbean Student Association,1
American Society,1
Scott Diamond BU’s,1
Dustin Hirthler,1
Russian,1
"Crossroads Inn,”",1
Bronx Next,1
Division I Baseball Championship Tournament,1
Haley Alexandropoulos,1
Lindsey Kuligowski,1
St Barnabas Hospital,1
Selena Kasmarcik,1
Make A Wish Foundation,1
Stacey Gould,1
Ari Hausman,1
Giuseppe Verdi’s,1
Corning,1
Yorkstown Heights,1
Kietra Wiggins,1
Cobleskill,1
Literatures,1
Charity,1
Adam Garrett,1
Binghamton University Wind Ensemble,1
Arin Miller,1
NY Rising Community Reconstruction,1
Art Co-Op,1
Chris McGuire,1
President Harvey G Stenger. ,1
Allen Glenn,1
"American Slavery,”",1
Trick”,1
My Sons”,1
Gould,1
Student Noland Lott,1
Chabad Alpha Sig,1
Moe Fest,1
Yishao Ding,1
"Objects: Makers Markets Museum,”",1
Chris Pursel,1
Libraries,1
N.Y.-based Chai Lifeline,1
EDD,1
Leslie Cody Eric Filante,1
"Diaspora Cooking Class,”",1
Karlo Siriban,1
U.S Sen Charles Schumer,1
Thomas Marlette,1
English Department,1
Control Members,1
Roslyn Katie Nethercott,1
Appalachian Dining Hall Around,1
Alumni Eliot Fiks,1
Beijing China; Joe Vanderpool,1
ABC-TV,1
Sander Ovshey,1
Men’s Cross Country,1
Cornell The,1
Andy Horowitz William Matos,1
Nina Marinaro,1
Balthazar Brister Hay,1
Dan Guerriero,1
Lim,1
Lin,1
Ralph,1
The Hit Men,1
Hope Reese,1
Jason Diaz,1
Thursday Sept,1
Lori,1
Haley Dicken,1
Our Humble Beginning—A,1
Monir Bruckner Ben Sachs Alex Coulard Danielle Moraski,1
Rachel Longendyke,1
James Orband,1
Jerri,1
Gilboa N.Y,1
Geography Florence M Margai,1
Half-Dollar Show,1
Shenzhen University,1
U.S,1
Northwestern University,1
Brian P Hanlon,1
Alexandria Kendrick,1
During Homecoming Weekend,1
Snow White,1
Merrick Sophie Shachter,1
Muslims,1
Anderson Center: Tony Bennet,1
Faculty Art Show,1
Undergrounds Café,1
Li Guo,1
III,1
Binghamton University Fall Invitational,1
U.N,1
Career Externship,1
Homecoming Weekend.  The,1
Elliott Lieberman,1
Bearcats Got Talent,1
Lucas,1
Jason Swaby,1
Sara Morehead,1
Thompson Pa,1
Erin Murphy,1
Samantha Seuer,1
Amahl; Hilerie Klein-Rensi,1
Stephanie Lim PhD,1
Namgyal Monastery Institute,1
Noises Off! The,1
University Union’s Mandela Room The,1
Kaleb,1
Champlain Hall,1
Werner Stiegler LEFT AND RIGHT PHOTOS BY JONATHAN COHEN MIDDLE PHOTO BY LESLI VAN ZANDBERGEN. ,1
Yosef Yacob,1
New Architecture,1
Bonnie Jenkins,1
Norwich,1
Hadassah Head Binghamton Religion,1
Japanese,1
Canisius College,1
Alex Almonte’s Binghamton University,1
Gruber Theater/Studio B,1
Performing Arts The,1
Hayden Planetarium,1
Physical Facilties,1
Blue,1
Melissa Gaudinier,1
Spring Orientation,1
Orlando Harns,1
Josh Sauer,1
New York State Assemblywoman Donna Lupardo,1
Endicott Artistic Memorial Company,1
Colonial,1
William Michals,1
Thanksgiving Pictured,1
Elizabeth DePetrillo,1
Baldwin Alexandria Fisher,1
"Rock,”",1
Computer Engineering Christopher Twigg,1
Gazell Johnson,1
Russian-speaking,1
Mike Weinberg,1
Alumni Association Special Recognition Awards Ceremony,1
Asuanana Etuk,1
Japan To,1
International Student,1
Tau Kappa Epsilon,1
AIDS Memorial Quilt,1
Social Sciences Commencement,1
Bands,1
It’s Daily Photo’s,1
Fahdem Iamrl,1
Binghamton Regional Airport,1
Nicole Carbonaro,1
Hinman College’s Open House,1
Dorm,1
Wang Fei,1
Nicole Dlug,1
Sonia Horowitz,1
Him,1
Joe Chergosky,1
The Harpur Jazz Ensemble:,1
Waverly Middle School,1
Book Sense Book,1
Binghamton University Ballroom Dance Association,1
Special Collections Department,1
Emily Love,1
Owego The Binghamton University,1
Report”,1
Motion,1
Commencement.  To,1
Youjung Lee,1
U.S Representative Hakeem Jeffries,1
Sophia Qi,1
Science Building Feb,1
Anting Chen,1
John Pangal,1
Fine Arts Building Binghamton,1
Black Eyed Susans,1
Hartwick,1
Entrepreneurs”,1
Paul Brown,1
Kaz-E-Kup,1
Darin Gillenwater,1
Holmdel N.J.,1
Lafayette,1
Emily Ragusa,1
Francis Wu,1
Millions,1
Latin American,1
Brandon Smith,1
Colin Rojas,1
West Gym From,1
Byron Brown Raisa Staine,1
Corning Community College Delhi,1
Baldwin N.Y.,1
Thursday Dec,1
Frank Cinque,1
Riding,1
Saturdays March,1
Tracy Turnblad;,1
Crowds,1
The Vagina Monologues,1
Comedian Nick Kroll,1
Hahn,1
The Biotechnology Building,1
Go Green Institute The,1
Protiviti Risk,1
University Symphony,1
Johnson City. ,1
Holt,1
Northport,1
Binghamton Ben,1
Albany. ,1
Rugie Kerekou’s,1
Tasha Casagni,1
Mountainview Student Success Center,1
Dennis Farm,1
Drake’s,1
Huo Kim,1
Holocaust Remembrance Day,1
Pentagon,1
Jennifer Ferguson,1
Binghamton University Thank,1
Ingrid Michaelson,1
International Student Welcome Dinner Read,1
Levy,1
Elizabethan Madrigal Feaste Socially,1
Cheer Team Pep Band Dance Team,1
Southern Tier Chinese Culture Association Inc,1
Got Talent”,1
Horseheads,1
English Spanish,1
Studies,1
Massage,1
The Binghamton Crosby’s,1
Phi Lam,1
Mission,1
Review”,1
Deer Park,1
Ryan Ask,1
Oswego State The Bearcats,1
Bartle Library Computer Center,1
Commencement To,1
Mitzvah Marathon Fair,1
Staff Member,1
Annie Zhao,1
Nepaul,1
Binghamton University’s Confucius Institute,1
Michael V Boyd Educational Opportunity Program,1
Chair,1
NPR,1
Undergraduate Research Center,1
"Amy,”",1
Bridges,1
Marla H Mallett’s Literacy,1
Edwin Torres,1
Julius Caesar,1
Judy Jacyna,1
"Amazing Christopher,”",1
Michael Philip Mossman,1
Viive Rebane,1
Ashley Bowman,1
Reginald Gardner,1
Jester,1
Lucy Volland,1
Chris Reiber,1
Diana Quioto,1
Alicia Lackey,1
Alumni Relations Office,1
AIDS,1
Paul Reiser,1
Stephanie Valencia,1
Johnson City),1
Binghamton University Women’s Rugby Club,1
Sing Beijing.”  The,1
Little Meadows Pa.,1
Klotzkin,1
Academy,1
Lucy,1
University Art Museum The Center,1
Nelia Rodriguez,1
Heather Dorn,1
Best Comedians,1
Johnson Hall,1
Tom Wittke,1
West Drive,1
William Voelkle,1
Su-Ann Wong,1
Mario Alexandre,1
U.S Senator Charles Schumer,1
Greater Binghamton-area,1
Amanda Massai,1
WHRW Studio,1
Binghamton’s Andrea Holmes,1
Andrew Saggese,1
Biological Sciences Anne Clark,1
BBC,1
Genetics Lab,1
Chinese New Year—the Year,1
Thursday Heavy,1
Steve Kazyaka,1
Theta Tau,1
Binghamton’s Mike Kubik,1
Management Spotlight,1
Jay Ficarro,1
Friday Sept,1
Jeanette Epps,1
Iraq,1
Gabriell Bellettieri,1
Events Center.  To,1
Alexis Aguam,1
Carl Forbes,1
Joe Amato Mary Ann Gormley Michelle Edwards Lora Dowling Erin McArdle,1
Alexis Brooks,1
See,1
"Divergences,”",1
Wyoming Conference Children’s Home,1
Josh Anderson,1
Seniors Chantal Berendsen,1
Angela Topolovec-Colon,1
Malone Award,1
Buddhist Studies,1
Don Wolford,1
University Union’s Mandela Room Stossel,1
Greater Binghamton Regional Airport October,1
Ed,1
Anita Mohanty,1
Angela,1
Flood,1
John Kawamoto,1
September Binghamton,1
Sunday Jan,1
New York Legal Assistance Group,1
Jack Maynard,1
Bronx N.Y.,1
Eric Schwartz,1
Dummies”,1
Benjamin Tsang,1
Multicultural Resource Center Fair—featuring,1
Jeff Womack,1
Eospermatopteris,1
Honorary,1
Alice Jake Wentlent Steve Tarnow,1
NJ Agwuna,1
Black-Eyed Susans,1
Family Weekend Acting,1
Band,1
Alumnus Arel Moodie,1
Russell Tobias,1
Stephanie Tsalwa,1
Arielle Hornedo Ashley Cruz,1
Anthropology Department,1
Amber Doiron,1
Nancy Um,1
Gallery,1
Jonny Kashine,1
Benjamin Swerdlow,1
Centereach N.Y.,1
Old Union Hall The,1
Binghamton’s Center,1
Chelsea Reome,1
Columbia Md.;,1
Anthony Aguiar,1
Peter Ward,1
Benjamin Fordham,1
Boston College,1
Claudia N H Marques David Davies Karin Sauer,1
Debra Farber,1
Matthew Rich,1
Binghamtonics,1
Roommates,1
Anderson Center Boz Scaggs,1
Biological,1
Graduate School Commencement Ceremony,1
Target Field,1
Anderson Center Kroll,1
Terri Donovan,1
"Rewrite,”",1
Special Education,1
Binghamton’s Karina Hain,1
Binghamton BMets,1
Cure”,1
Dickinson Community’s O’Connor Hall Each,1
Arslan,1
Monsey,1
Dave Pert Rebecca Kohn Dia Ferdusy Jane Wessel,1
Male Collegians…”,1
Brian Davis Shop Technician,1
Brad Petrick,1
Glenn G Bartle Library Mechanical,1
Filmmaking,1
Ilyssa Baine,1
Alumna Laura Lynn Phillips,1
Jillian Maxwell,1
Alliance Masonry Corp.,1
Acco Brands,1
Poems”,1
Simon Fraenkel Robert Parish,1
The Information Commons,1
John Thomson,1
James Norris,1
Events Center About,1
Joy Hallmark,1
Skylar,1
Johnson City Samantha Lown,1
Patchani Patabadi,1
The Binghamton University Dance Team,1
Marcus Antonius,1
Central Campus Quad,1
Dawn Laudig,1
Bunn Hill Road,1
Appreciation Day,1
CLP,1
Photography,1
U.S Senator Kirsten E Gillibrand,1
Infielder John Howell,1
Fiscal Planning,1
Alexa Rudik,1
America East Conference Men’s Cross Country Championship,1
Subsequent,1
William Gil,1
Wolf Conservation Center,1
Heather Fennell,1
Annual Poetry,1
Brooklyn; Frank Torres,1
Caren Feldman,1
The CDC,1
Beijng Opera International Flag Dance Indian Latin American Irish,1
Bucknell’s Tyler Lyster,1
Johnson City Middle School,1
Nathan Sprenkle,1
Manahidy Soler,1
Binghamton University Council Chair Kathryn Grant Madigan,1
Poetry Out Loud,1
In April Newing College,1
April A,1
SUNY Global Author-in-Residence,1
Texas. ,1
Roslyn Anna Fazio,1
Binghamton University’s Graduate School,1
Kelly O’Rourke,1
Music Department Featured,1
ALS Ice Bucket Challenge The,1
The Beach Boys,1
Tommy Dempsey,1
Food Co-op,1
Binghamton University Ballroom,1
Tyler Hendricks,1
"Lying Kind,”",1
Jeff Winchell,1
Career Development Center Bill McCarthy,1
Angelia Fagerstorm,1
Head Coach Pat Popolizio,1
Taylor Johnson,1
Johnson City.  The Binghamton University,1
Nina Versaggi,1
Pam Misener,1
Rachel Goodman,1
Christof Grewer,1
Daryl Santos,1
Jennifer McDonald,1
The Grace Kelly Quintet,1
Binghamton McKenna,1
Belle,1
Frank Beasley,1
Eric Lee,1
Rachele Marra,1
Events Center To,1
Marlon Torres,1
Cross-country,1
Epoch,1
Binghamton University’s Go Green Institute,1
Sharif Khalil,1
Sydney,1
Chenango Forks,1
Tau Alpha Upsilon,1
Biology,1
Science I The,1
Mark Watson,1
Jessica Falzone,1
Seymour Kunis Media Core,1
Sharsharet,1
Babylon Ronnie Zhu,1
Convocation,1
Water,1
Goalkeeper Carrie Martin,1
Sodexo,1
Climbing,1
Subject Librarian,1
Binghamton University Women’s Swimming Team,1
Kyle La Grutta,1
The University Union West Clock Tower,1
Daft Punk Coffee Table Object Avoidance Robots,1
Open Mic Night,1
Student Accounts Financial Aid,1
"Red Tent,”",1
Public Archaeology Facility’s,1
Ibny Xian Crookson,1
Cassandra Murray,1
Michelle McStine,1
Appalachian Collegiate Center Dining Hall,1
Hilerie Klein-Rensi,1
Jessie Rubin,1
Carmen Pompeii,1
Eric Foner Dewitt Clinton Professor,1
Beijing Opera,1
Graduate Solip Ahn,1
Civic Engagement’s Showcase,1
Painting II,1
Binghamton’s Kaitlyn Martin,1
Ivan Chou,1
Karen,1
Rob Daly,1
Alumna Gina Pauline,1
Oscar,1
BU Zoo The,1
Intramural,1
Bobbie Brundege,1
Kelsey Michele Sarah Hendrickson,1
Undergraduate,1
Hinman College Faculty Master Professor Alan,1
Brooke Kilmer,1
Education Opportunity Program,1
Elisa Camiscioli,1
Washingtonville,1
Binghamton Alumni Association,1
May. ,1
Thursday June,1
Business Consulting,1
Associate Professor Kimberly Jaussi,1
Sons Tonawanda Coke Company,1
Matt Biagi,1
Binghamton University Nanofabrication Facility Director Shawn Wagoner,1
Anthony Naglieri,1
Binghamton University’s Kristen Stone,1
Conference Center,1
Bridge-to-the-Doctorate,1
Kathleen Jasinskas,1
Jonn Salgado-Ruiz,1
Susquehanna Nursing,1
Monique Armstrong,1
Jonathan Cohen,1
Sitting,1
Marlboro,1
Safety Residential Life,1
Arctic,1
Daily Photo! With,1
Dance Team Cheer Squad,1
Denise Lobo Benjamin Sachs Max Bartell Cara Treidel,1
Chance,1
University Police,1
North Brewery,1
Softball,1
Susquehanna Community Cafe,1
Demetri Martin,1
Jungle Science Art Gallery,1
Couper Administration Building Bold Brilliant Binghamton—The Campaign,1
Elyssa Wolmetz-Minton,1
Alumnus Marcel Bucsescu,1
SUNY Mascot Madness Cup,1
Newton Mass.,1
The Binghamton,1
Seton Catholic Central,1
Shankar Vedantam,1
Wyoming Conference. ,1
Art Jim Stark,1
University President C Peter Magrath College,1
CD,1
Michael Zuber,1
Harpur College Dean Don Nieman,1
Undergraduate Admissions Samantha,1
Asia Ambler,1
Jonathan Donovan,1
Black Watch,1
Rehabilitation Center Broome County Health Department Broome County Medical Reserve Corp UHS Triage Nurse Team,1
Events Center Read,1
Full Wolf Moon,1
Carter Calvert Rita Harvey,1
Raya Anderson,1
Pogge,1
Tony Draus,1
David M Shribman,1
Freshmen Shannon Green,1
Scholars,1
Dan Gurriero,1
Culture,1
Events Center Diamond,1
Binghamton University’s Harpur College Read,1
YMCA,1
Laura Bronstein,1
Events Center’s,1
Binghamton University Forum Annual Black Tie Gala,1
Campus Rec Center,1
Marta Pelka,1
Hillside Apartment,1
Rubin,1
Lauren’s,1
Ami Muhammad,1
University Museum. ,1
Dhruv Sehgai,1
Benny Summers,1
Michael Finkelstein,1
Comedian Lewis Black,1
Frankie Valli Carly Simon Jim Croce Cat Stevens,1
Stephen Levy,1
Itoro-Chloe Udo,1
Bearcat Sports Complex,1
Zhang Chun-An Chou,1
Bodhi,1
Hairstylist Christina Tenhave,1
Garden City,1
Allie Rodgers,1
President,1
Dr Ruth Westheimer,1
Ari Novick,1
Taking,1
Jimmy Gray,1
Binghamton Bhangra,1
World-renowned,1
America,1
Gonxhe Prapaniku,1
Atlas Media Corp.,1
Institute,1
Paul Cho,1
Freeport,1
Chris Thogode,1
Dr Sheldon Hawkes,1
Indian Graduate Student Organization’s Diwali Night,1
Horton:,1
Jason Siegel Senior Associate Athletic Director,1
Biological Sciences Susannah Gal,1
Newing College Faculty Master William,1
Franklin Square,1
As President Lois B DeFleur’s,1
Binghamton Basketball Showcase,1
Freshman Laura Bazhdari,1
Imani Williams,1
Sarah Kapitko,1
Albany Airport,1
China Night! Again!,1
Fine Arts Building Other,1
Bishop’s,1
Link Larkin; Michelle Goldrich,1
Mahlon Mathieson,1
University Union Quiller,1
DeFleur Walkway,1
Kristin Dupre’s,1
Student Commencement,1
Public Affairs’,1
Kirkwood N.Y.,1
Christina Catechis,1
Sarah,1
Luke Ferenczy,1
Little Shop,1
Thank,1
Haim Engelman,1
Binghamton University’s Doctoral Hooding Ceremony,1
Kok,1
Cardullo: ,1
Mountainview College. ,1
Kosick:,1
Lee Loughnane,1
Otsiningo Park Farmers Market,1
University Downtown Center May,1
Cleveland Ohio,1
Giancarlo Esposito,1
Julide Giray,1
Broome Co Office,1
Melissa Cohen,1
Jennifer Lui,1
Mitzvah Marathon,1
AEPHI,1
National Book Critics Circle Award He,1
Nine-year-olds Nina Capodaglio,1
Kathryn Grant Madigan,1
Priscilla Li,1
Astoria,1
Hundreds,1
Einstein Bagels,1
Philadelphia Penn,1
Distinguished Professor David Sloan Wilson,1
St Bonaventure Univeristy,1
Wing Wong The,1
Israeli Flag,1
The Fine Arts Building,1
Top,1
Harvey Stenger,1
The BU Pep Band,1
Paul Taylor Dance Company,1
China Japan Korea Bali Sumatra,1
South Orange N.J,1
Michaelangelo Misseri,1
Kelvin Roque,1
Bartle Library Tower,1
Yun Seo,1
Police Officers John Pelletier,1
Johnson City Senior Center,1
Alexandra Warner,1
New Zealand,1
Rembrandt,1
Terra Cotta,1
Sunday Sept,1
Walnut Street Park,1
Lords,1
Binghamton University Tae Kwon Do Club,1
Harpur Dean’s Office,1
Chai Lifeline,1
Binghamton University Distinguished Professor,1
Matthew Giliotti,1
David Schanz,1
Amanda Levine,1
October’s Late Nite Madness The,1
Binghamton University Athletic Club’s,1
Public Art Kady Perry,1
TEDxBinghamtonUniversity,1
Social Work,1
C.K Williams,1
Steel Fabrication,1
Marathon Club,1
Cohen,1
Lindsay Ryan,1
Annual Bearcats Celebrating Women’s Athletic Luncheon,1
Trey Songz,1
Distinguished Professor Krishnaswami,1
Athletics Jim Norris,1
Tim K Lowenstein,1
Mahopac,1
Pharmacy,1
Adjunct,1
The Hooligans,1
Michael Huchital Justin Lewis,1
Between,1
Rugby,1
The Student Association Programming Board,1
Maine This,1
Roulette”,1
Lee,1
Laura Scott,1
Amphenol Aerospace Operations,1
Binghamton University’s Moussa Camara,1
Katie Besemer,1
Army ROTC Company Commander Shayne Thompson,1
Samantha Eilenberg,1
Casadesus,1
Fairy Tale—at,1
Academic A Building. ,1
Utica,1
Romaine,1
The Conifer Group,1
The Binghamton Crosbys,1
Mr CIW Pageant,1
Debolina Ray,1
Modern World. ,1
Events Center The Bearcats,1
Netherlands,1
Quinnipiac,1
Albany; Terrence Kane,1
Syracuse University The Bearcats,1
Hana Ryu,1
Black-Tie Gala,1
University Center,1
Dept,1
Dara Silberstein,1
Nathaniel Jimenez,1
Ari,1
Brad Rutter,1
Biological Sciences Karin Sauer,1
Assistant Professor James Burns Here,1
Appalachian Collegiate Center The,1
In Black.”,1
Eric Garner,1
Ruthie Freilich,1
Claire Richmond,1
Michael Coppolo,1
Kait Bathrick,1
Green Day Friday,1
Thursday March,1
Seymour,1
AVP,1
Vice Chairman,1
Find,1
Matt Springer,1
African Drumming Ensemble,1
Better World Books Foundation The,1
Windsor Middle School,1
Binghamton University’s Go Green Institute The,1
Kady Perry,1
Bingahmton University September,1
"Robert Bertoia,near",1
Jared Male,1
Anniversary Luncheon,1
Binghamton’s Allie Rodgers,1
Benard Huppe Reading Room,1
Native-American,1
Scotland,1
Abigail Williams,1
River”,1
Draft,1
MRC Cultural Fair,1
Leitner Professor,1
Events Center Sunday Dec,1
Elizabeth Glaser Pediatric Aids Foundation,1
African-American,1
Schumer-authored,1
Pianist/accompanist John Isenberg,1
The VirtuSphere,1
Phi Alpha Delta,1
Dance Company The Taylor,1
Binghamton’s Kelly Donigan,1
Michael Lawson,1
Tuesday Men’s,1
Onni Saari’s,1
Chris Sta Romana,1
Are Warriors”—a,1
Ellen Brown,1
Fine Arts Courtyard,1
Lebanon Valley College,1
Chili Appreciation Society International,1
Siena College The Bearcats,1
Latin American Student Union,1
Jamila Adams,1
Binghamton Clerk She’s,1
Rocks,1
Anne Boleyn,1
Mohawk Great Room,1
Binghamton The Civil War,1
Heike Ganzhorn,1
Forest Loop Trail,1
Jyotika Banerjee,1
Binghamton University President Harvey G Stenger,1
President Harvey Stenger Provost Don Nieman,1
Sunday Jan.15,1
Elissa Vernheim,1
Late Nite Madness Slam Dunk Contest,1
Binghamton’s Eliott Hureau,1
Disco-music,1
Chinese Students,1
Jasbriell Swain,1
Leaders”,1
Guests,1
Christy Ng,1
Karen Eskow,1
Recent,1
Milt Kessler Binghamton Poetry Book Award,1
Matt McCoy,1
McGoff,1
Bruce Hornsby,1
Maralee Bixby,1
Radio”,1
Jay Bartishevich,1
Hudson,1
University’s Public Archaeology Facility,1
Biplab Roy,1
"Love New York,”",1
Binghamton’s Jordan Reed,1
Matt Bouvier,1
Garba,1
James A Carrigg,1
Newton MA,1
Mountainview’s Appalachian Dining Hall,1
English General Literature,1
Walter Keyes,1
Ben Repak,1
Charandeep Singh,1
Art History Department Read,1
"Pancakes,” Binghamton University’s Habitat",1
Intercollegiate Athletics,1
Capoeira,1
Sylvia Gao,1
The BU Dance Team,1
Todd Guilfoos,1
Emily Olander,1
Lena Amalfitano,1
Rachel Young,1
Lea Webb,1
Forrest Hills,1
Felipe Ayala Jr,1
Mwalimu Ali A Mazrui,1
Polish Chef Michal Konwerski,1
College-in-the-Woods Olympics,1
Crowne Plaza Hotel,1
The Binghamton University Kickline,1
Physics Louis Piper,1
Morgan Furman,1
Chabad Sigma Alpha Epsilon,1
Michelle A Syskrot,1
Andy Horowitz’s Theater,1
Kayaking,1
Grace Wentlent,1
Art Ventura,1
Matthew DiNome,1
Broome County Urban League,1
Hirohito,1
Béla Fleck,1
Joe Torregrossa,1
Alexander Klepinger,1
Jewel Warner,1
Advanced Microelectronics Manufacturing,1
Binghamton University TEDx,1
Sarah Flannery,1
Fleming,1
Minnesota Twins,1
Orientation Advisor Ryan Gyanchand,1
International Student Welcome Dinner,1
Pi Lam,1
Hysteria,1
Marisa Yelverton,1
Binghamton University Harvey G Stenger Jr.,1
Delicious Tour” Ansari,1
Jennifer Gold,1
Academic Excellence,1
Alumnus Dr David Staffenberg,1
Older Adult,1
Gabrielle Preziose,1
Julie Foudy,1
Jenny Familusi,1
Jaclyn Russo,1
St Peter’s University The,1
EOP,1
Amy Resue,1
Laurie Garson,1
Ethan,1
Jessemae Nethercott,1
Jessica,1
Newing College. ,1
Evening,1
Columbia,1
Peasant Protest,1
Evangelos Dousmanis.  Pictured,1
Collegiate Scholars,1
Frederic Luskin,1
America East Track,1
Winchester Va.,1
Homecoming Weekend. ,1
Leisurely,1
Naomi Valentine,1
Brian Ackley,1
Scott Craver,1
Tingting Zhang,1
Day,1
Hindu Student Council’s,1
Hula-hoop,1
Justin Ivry,1
Natalie Buddiga,1
Outside,1
University Union Atrium,1
Acoustics Core,1
Emily Elliott’s,1
Vernon Center,1
Siva P Adusumilli,1
Toni-Lea Chin-Tetro,1
Adam Bellack,1
Robbie Cohen,1
Abrams’ McNair,1
Alex Roland,1
Michael Jennings,1
Van De Graaff,1
Chenango Forks High School,1
Goshen Conn.,1
Super Mash Bros. Far East Movement,1
Rape Aggression Defense,1
International Student Welcoming Dinner,1
Eric Funk,1
Amanda Muller Pino Christina Catechis Jake Wentlent,1
Kari Snedeker,1
Alumna Marcia Friedman,1
Fine Arts Building Jasinskas,1
Core Strength: Get,1
Dan Polhamus,1
Special Collections,1
Mustafa Ibrahim,1
Bearcats Sports Complex Read,1
Innovative,1
Binghamton University Scholars,1
Christina Portante,1
Anchorage Alaska,1
Tajikistan,1
Binghamton’s Scott Musin,1
Binghamton University’s Center,1
Action: A Play Date For Peace”,1
Monte Carlo,1
Mentalist Jim Karol,1
University Art Muesum,1
Zach Stratton,1
Nichole Montalvo,1
Children’s,1
Jun Han,1
Stewart Crane,1
Supervising Security Services Assistant John Fleming,1
Haudenosaunee,1
Bergenfield N.J.,1
MALIK,1
Orange,1
Samantha Toussaint Corinna Kraft,1
Arpan Patel Charles Thompson Christine Warkenthien Bonye Lumbanraja,1
Anderson Center’s Chamber Hall. ,1
Bindi Kang,1
Cassandre Lolo,1
Applied Science Freshman Engineering Exposition,1
Students Megan Burney,1
Karen Bromley,1
Luis Gonzalez,1
Hope Bike-A-Thon,1
Along,1
You Leave Me Now”,1
Adirondack Beverages,1
Kelly Brissenden,1
The Daily Show The Colbert Report Real Time,1
Tsuyeshi Horibata,1
Sandy Vest,1
Systems Science,1
Instructors Stephanie Stahovic,1
Annual Celebrating Women’s Athletics Luncheon,1
Graduates George Seyffert,1
Skateboarding,1
Alumna Danielle O’Neill,1
Amanda Beard,1
University Union Shribman,1
Sharing,1
America East Women’s Championship—will,1
Jenna Marrione,1
Systems Excellence,1
Elmont,1
Brandon Sheiner,1
Shanksville Pa,1
Alumnus Dan Kosick,1
Positive Life Force,1
Alyssa Santavicca Becca Greenspan Chelsea Lucas,1
Shannon Kirkpatrick,1
"Spanish Forger,”",1
Arielle Biro Deborah Tirsun,1
Kevin Greer,1
Dickinson Day,1
Sarah Laszlo,1
When,1
Tyler West,1
Nukporfe African Dance Drumming Ensemble,1
Lonnie Kiesinger,1
Leah Kellen,1
Andrea Marzilli,1
Jonathan Kaloust Bearcat Open,1
The Boston Globe The Wall Street Journal The New York Times,1
Jared Douglas,1
Mary McCarthy,1
Road Map,1
Orange Conn.,1
Calleyrana,1
Ryan King,1
Handicapped Children’s Association,1
Kyle Wearne,1
Health Fair,1
Marie Hopwood,1
Danielle Levin,1
James Shanahan,1
Craig Broccoli,1
Garrison Decker,1
Anita Contreras Vegas,1
Study Abroad Fair,1
New Paltz,1
Anderson Center Chamber Hall Feb,1
Opera,1
Casares:,1
Walford,1
English Joe Weil,1
Sunday Feb,1
Mo Reese Taylor,1
Jordan Merritt,1
Gabor Petrov,1
Bianca Cronan,1
Broome County Public Library,1
Freshman Research Immersion,1
Bearcats Celebrating Women’s Athletics Luncheon. ,1
Fredonia,1
Magrath’s,1
Seniors Shaun McGraw,1
Justin McFadden,1
Kelli Crosby,1
Bath,1
Yankee Stadium,1
Sigma Lambda Gamma,1
Students Ben Lee,1
Homeless,1
Winter Session,1
Alumnus Cyrus David,1
Chinese Student,1
Watson School’s Department,1
Iroquois Commons,1
Caring,1
Ingen,1
Ashley Haugstatter,1
Freshman Orientation,1
Baidehi,1
Lobster Kings.” Read,1
Jon Banko,1
Fame Class,1
Christine Wong,1
Paper”,1
Bill Maher,1
Wall Read,1
Project Concern,1
St Louis,1
Jordyn Suhr,1
Assistant Professor Jeffrey Pietras,1
East Gym Parking Lot Computers,1
Oscar Mayer Wienermobile,1
Pink Gloves Boxing,1
Wendy Yung,1
Devin Cropp,1
Helar Aricaya,1
Camille Best,1
Jared Langenauer’s,1
Lake Grove,1
Trinity Memorial Church,1
Muslim,1
Youngsville,1
East Campus Housing Project,1
Architectural,1
Lisa Savage,1
Madison,1
Bold Brilliant Binghamton,1
Cameron Cribbs,1
Vinny Dragonette,1
NYSEG President,1
Natalie Monroe,1
Sarah San Giovanni,1
Sandra Day O’Connor,1
Elizabeth Prior Shriber Lecture,1
Chabad Student President Jonathan Cogan,1
Career Development Center’s,1
Go-Green Institute During,1
Brazilian,1
Dynamo,1
William Cohen,1
Binghamton University Peace Quad,1
The Magic Paintbrush Project,1
National Resident Hall Honorary,1
Tim Crawley,1
World-renowned Thai,1
Olean,1
Windsor High School Transition Academy,1
Pitarresi,1
Kristi Costello,1
Gov Andrew M Cuomo,1
"Student Success,”",1
Broome County Economic Development,1
SUNY Broome President Kevin Drumm,1
Marc Lawrence,1
Rex Parker,1
David Hopwood,1
Jayson Swain,1
Binghamton University’s Undergraduate Research Center. ,1
Jessica Brown,1
Biochemistry,1
Mhairi Metcalf Colleen Buckley Grace Schulz,1
Joo Won Kim,1
Broome-Tioga BOCES,1
Michael Jackson’s,1
Julia Metzler,1
The Harpur Jazz Ensemble,1
Bolivia,1
Shannon Miller,1
Athletic Board,1
Early Childhood Center After Roque,1
Comes,1
Human Development Myra Sabir,1
HackBU Hackathon,1
The Pappy Parker Players,1
Love With,1
Flanders NJ Kyle Nedlik,1
Binghamton Broome Community College Cornell’s,1
Lindsay Ralbovsky,1
Whitney,1
Gary Kunis,1
Ugly Sweater Run/Walk,1
Jordan,1
ESPN,1
May Gumble,1
Jacyna,1
Ashburn Va.,1
Sid Hazarika,1
Paul Taylor,1
Greg Ragin,1
Jeff Sagor,1
Rachel Borbas,1
Academic B,1
Barbara Steigerwald,1
Taylor Tom Westcott,1
Ten-year-old Autumn Dorn,1
Triple Cities College,1
Sunny Hostin,1
Early Musick Consort,1
Royal Regiments,1
Rhinebeck,1
Tyson,1
Josie Pesout,1
Joshua Tucker,1
Binghamton’s Watson School,1
Alumni Golf Classic,1
The BU Cheer Team,1
Southern Tier Chinese Culture Association Chinese School,1
Yellow,1
Three-year-old Joshua Kweller,1
Steve Karmen,1
Allison Jaekle,1
American Collegiate Intramural Sports,1
Watson School Dextre,1
CAMM,1
Jessika Yurko,1
Vladimir Bogachuk,1
West Gym The Bearcats,1
The Dickinson Community Amphitheater,1
New England Patriots,1
Binghamton University Ballroom Dance,1
Ziemba:,1
Holtsville,1
VP Bahgat Sammakia,1
Central Asia,1
Dorm Wars,1
Kenneth Martin,1
Screaming Green,1
Freshmen Orientation,1
Union’s Mandela Room Friends Jason Ort,1
Christof T Grewer,1
Chris Graf,1
Cayuga Heights N.Y.,1
Danielle Lipari,1
Shepherd,1
Graduate Schools Commencement,1
Relaxing,1
Entertainment Weekly’s,1
Michigan,1
Davon Harris,1
Binghamton University Parents Collective,1
Journey,1
Latoya Lee,1
Joe,1
Drums,1
Apalachin Read,1
Cruelties: Prints Sculpture,1
Batiz,1
University Union The Menorah,1
Justin Gindi,1
Jessica Huey,1
University Union Tickets,1
The Lois B DeFleur,1
Astrid Beza,1
Lambda Upsilon Lambda,1
All Saints Episcopal Church,1
Peshawar,1
Events Center Saturday April,1
Spear,1
Andrew Barnard,1
Travis Rochon,1
Scott Zobre,1
Comedian,1
Anthon Giannone,1
George Catalano,1
Sculpture,1
Sean Lum,1
Children’s Miracle Network The,1
University Seal,1
Yukan Zhang,1
Austin Maurer,1
Humanities,1
Munira Pulodi,1
At Mountainview’s King,1
There,1
America East Conference Women’s Cross Country Championship,1
Psychology/human,1
Les Ballets Trockadero,1
Hugh Grant,1
Benches,1
Meredith Abel,1
Stars,1
Explorchestra,1
Ronald J Mellor,1
ISE,1
Niurka Martinez,1
Elaine,1
Al Vos,1
Applied Science Career,1
Jonathan Eng,1
After School Corporation,1
Franklin Lakes NJ,1
John Craighead,1
Hanna’s,1
Elton John,1
Wendy Perestam,1
PVC,1
Vestal Parkway,1
Project SAnta The SA,1
Justin Kahan,1
SUNY Geneseo,1
Bruce Greig,1
CEO Mark S Lynch,1
Binghamton University’s Black Student Union,1
Liu Chunnuan,1
Money”,1
Scholar,1
Queens Camille Adolphe,1
Actor Hill Harper,1
Kyle Frey,1
Venanzio Cortese,1
Schapira’s,1
Sodexo Campus Services Binghamton University’s,1
Samson Widerman,1
Events Center There,1
Art History,1
Redwing Trail,1
Fennec Fox,1
Pi Kappa Phi Fraternity,1
Colorado,1
Invitational Iron Pour Sculpture,1
Janelle Dmochowski,1
La Mancha”,1
Drake Brown,1
Extreme Entrepreneurship Tour,1
Romance Languages,1
M&T Bank,1
Fallen,1
Style”,1
Buzz? A Honey,1
Chik Shun Tsui,1
Ceirra Tennant,1
Floral Avenue,1
DJ,1
Friday April,1
Alysha Guillaume Alyssa Grabowski,1
Sancho Panza;,1
Demarcus Goodley,1
Yuansi Du,1
Rod Serling’s,1
Derrick Ladeairous,1
Jenkins,1
Washington D.C.,1
DNA,1
Finals Week,1
David W Smith,1
Students Seun Ku Kim,1
Ruxin,1
Pharmaceutical Sciences Read,1
Binghamton’s Gaby Gold,1
Daria Stein,1
Trashion Show,1
WiFi,1
University Provost’s Office Sodexo Campus Services Ben Weitsman,1
Logan,1
Comparative Literature Zoja Pavlovskis-Petit,1
Campus Recreational Services View,1
Information Desk Coordinator,1
Pitcher Tsuyoshi Horibata,1
Samantha Arce,1
Hall,1
Finals Rave,1
Pat Heikkila’s,1
Natalie Knezevic,1
Fannie Chen,1
Mitzvah,1
Getting,1
Chabad Sara Loffman,1
Roberto Diaz,1
Andrea Fink,1
Assistant Professor Robert Palmer,1
Fewer,1
Collin Frost,1
Binghamton Zombie Walk,1
East Stroudsburg,1
University Tutoring Services,1
Japan: The Breakdown,1
The Water Coolers,1
They Can’t.”,1
Devon Tracy,1
Nauet,1
FA-216,1
Bioengineering Fair”,1
AC-Chamber Hall Read,1
Michael Wesko,1
Humans,1
Bob Murphy Inc,1
The Field Hockey Club,1
Mary Feist,1
Dugout,1
Binghamton University Scholars Samuel David Bravo,1
Freshman Austin Blumenfeld,1
Dance Team,1
Jake Geiger,1
University Union West Thompson,1
Web,1
Eastern Michigan University,1
William Lemen Alexandria Isabelle Michael Morrissey Christine Atwell Annette Consigilo,1
Senior Grace Vickers,1
Tom Sullivan,1
Xavier Mann,1
Marshall University,1
Boz Scaggs,1
Leora Kenney,1
Role,1
Binghamton’s Recreation Park The Binghamton University Crew Team,1
Menorahs,1
Madison Ball,1
ASCAP’s Song,1
The University Symphony Orchestra,1
Ross Park.  The PwC Scholars,1
Binghamton University Downtown Center.  The,1
Christina Santa Maria,1
Binghamton School District,1
Nukporfe African Dance-Drumming Ensemble,1
Rosefsky Memorial Art Gallery. ,1
Jiang Wu,1
Eric Holt Adam McIe,1
Solar,1
Services,1
Zhenghui Lin,1
Jonah,1
Binghamton University Homecoming,1
Platesburg,1
National Public Radio,1
Glenn McIver,1
Beijing,1
Nimet Duru Cilsal,1
Student Engagement,1
Educational Opportunity Program’s Ethnic Dinner,1
Lexi Gertler,1
Jim Boeheim,1
Raquel Rozner,1
KPMG LLP,1
Lucia Laboy,1
Chris Waddell,1
Johnson City.  Magic Paintbrush Project,1
Endicott-Chenango,1
Broome County Veterans Memorial Arena,1
Susquehanna University,1
Kasir Watkins,1
Prospect Mountain,1
Annual Purim Carnival,1
Right,1
Alpha Omega Epsilon,1
Freshmen Welcome Picnic,1
Student Affairs Brian Rose,1
Elias Kampton,1
Work Builders Block Party,1
Aaron Carpenter,1
Abbey Lane,1
Jose Rodriguez,1
Major League Baseball,1
Pi Day,1
Ilan Hadar,1
Mari Badagliacca,1
Freshmen Allie Wagnem,1
Human Development Denise Yull,1
Ian Malings,1
Middle East,1
MarketPlace,1
Melchior,1
Kelsie Martinez,1
Career Expo,1
One Billion Rising,1
Computer Engineering Qinru Qiu,1
Holden Ottolini,1
Alistair Lees,1
Five-year-old Mariano Stenta,1
Mandarin,1
Avinash Enugu,1
Ithaca N.Y,1
Asian-American,1
Alumnus Guruprasad Madhavan,1
Thomas Mather,1
Tim Minton,1
Paul Barone,1
Silk Road”,1
December’s Frost Fest,1
Pretty Lights,1
Denise Yull,1
Events Center.  Inductees Jamie Kissel,1
Pong-Yu,1
Mohawk Hall,1
Summer Youth Musical Theater Workshop’s,1
Jordan Snapp,1
Downtown Student Kick-Off,1
Alice Ellison,1
Raul Avalos,1
Sonja Wolf,1
Armonk,1
East Gym. ,1
Thai,1
Sen Thomas W Libous Assemblywoman Donna Lupardo,1
Courtney Campbell,1
Justin Maciak,1
Binghamton University Visiting Assistant Professor Rolf Quam,1
United University Professionals,1
Livingston N.J. Cheri Cheng,1
Johnson,1
KanJam,1
Robert Penfield,1
Crucible.” Performances,1
Alexandre:,1
Freshman Jaclynne Deridder,1
Explorchestra—35,1
Directors,1
The Feaste,1
David Mirsky,1
Greater Binghamton Sports Complex,1
Alexander Marin,1
Jan Strauss,1
President Harvey Stenger’s,1
Tara Dhakal,1
Alumnus Samuel Cruz,1
Freshman Christopher Logan,1
Mary Dziekowicz Anthony Gabriele,1
Improvement Through Youth),1
Children’s Hospital,1
Melissa Leifer,1
Budweiser Clydesdale,1
Matthew Bieber,1
Zombie Prom,1
Crew Teams,1
Professional Schools Commencement,1
Tommy Moon,1
Ada Coonerty,1
Herbert P Bix,1
Denise Manukian,1
Parrot Safari,1
Break Shred”—being,1
Kyle Goodwill,1
Alpha Phi Omega,1
Sunday Right Hennig,1
North Babylon,1
Hala Sweidan M.S,1
Hip-hop,1
Paul Marco,1
Lori Wolmetz-Kantorowitz,1
Robert Palmer,1
Hacker,1
Putnam Valley,1
Claudia Kupiec,1
Instructor Rhonda Branca,1
Events,1
Mike Angiuli,1
Abraham J Briloff Lecture,1
Medieval,1
Geology,1
Hartford Conn,1
Denise Hawkins,1
Minho Lee,1
Innovative Technologies Complex Rotunda,1
Orientation Advisor Rosanna Tapang,1
Jim Hardesty,1
Harpursville,1
Binghamton University Commencement,1
Elizabeth Wood,1
Louis Braiotta,1
Dawn Lammert,1
Binghamton University Sprint Triathlon,1
Tammy Regulski,1
Christmas-themed,1
Kenneth C Lindsay Study Room,1
Alfred Cornell Cortland Keystone Maryland Ramapo RIT Skidmore Syracuse,1
Phi Delta Epsilon,1
Nanuet N.Y.,1
Delirium,1
Vincent,1
SA Programming Board Labanoski,1
Barbara,1
Laws,1
First Take,1
Tonya Parris,1
Glenn G Bartle Drive;,1
President Harvey Stenger Director,1
Applied Science Adding,1
Vanessa Ross,1
Ken Hutchinson,1
Mary Stonebraker,1
Noelle Stewart,1
Samantha Meadows,1
Tyler Mehlman,1
Eric Dietrich,1
Bloomberg LP Thomas F Secunda,1
Nature Preserve To,1
PricewaterhouseCoopers Scholars Program,1
Stepping,1
Alexi Zentner,1
Natasha Talukdar,1
Sodexo Global Chef,1
University Union’s Tillman Lobby,1
Albert Tillman Basketball Tournament,1
Binghamton University Republicans Club,1
Dennis Camarda,1
Binghamton University Stenger,1
Matt Gaska,1
Transfer,1
Screaming Green Pep Band,1
Wiz Khalifa,1
B-Mets,1
Exhibit!”,1
Domestic Violence Awareness,1
The Binghamton University Club Ice Hockey,1
Greene Central School,1
Michael C Hall,1
Dana Stecker,1
Shanaira Styles,1
Shanayjah Malone,1
Aubrey Schwartz,1
Deb Duke,1
U.S Women’s National Soccer Team,1
Marisa Tomei Read,1
Alumnus Michael Ventura,1
Youngmee Lim,1
Bronx N.Y,1
Binghamton University Facebook,1
Community Opportunities,1
Saint Peter’s College,1
Emily Balmer,1
Victoria Sarnoski,1
Preble N.Y Earlier,1
Jewish Life,1
Scots Guards,1
Softball’s Kristen Emerling,1
Binghamton’s Nick Madray,1
Anderson Center Osterhout Concert Theater Local,1
The New York State University Police,1
Professor Fowler:,1
I,1
Nursing Distinguished Teaching Professor Gale A Spencer,1
Toyota,1
Tailgate Party,1
II,1
Lenaura Starr,1
Susan Strehle,1
Erik Schutz,1
Taylor Heywood,1
Donna Summer,1
Snow-covered,1
Research”:,1
Marathon Fair,1
Binghamton University Athletics,1
Events Center Gwiazdowski,1
Keri Iheagwara,1
Promise Zone,1
Management’s Center,1
Weiyi Meng,1
Is,1
Kaitlin Mooney,1
Rastafa Geddes,1
Tituba,1
North White Plains,1
Student Records,1
Rent,1
Recreation” He,1
Julie Chambers,1
Kenneth C Lindsay William Voelkle,1
HBO,1
Sal DeSantis,1
Lourdes Hospital,1
Zumba,1
Events Center Baldwin,1
Ground Zero,1
Artist Blair Rusin,1
Sonya Ochshorn,1
Daily Show”,1
Grateful Dead,1
IASH,1
Fleming’s,1
William Kazmierczak,1
Books For Africa,1
Exeter,1
Raymond Wu,1
Binghamton University’s Casey Marlow,1
Oklahoma’s Erich Schmidtke,1
Although,1
Pictures,1
Native Americans’,1
Zombie Student Association,1
Public Affairs Dean Patricia Ingraham,1
Mark Snyder,1
Krishnaswami,1
Courtney Charlette Wyant,1
Sophomore,1
Callon Williams,1
Watters Theater The,1
Human Development Michael Lawson’s,1
Angel Webber,1
Alumni Association,1
Bakery,1
Emily Esposito,1
Vice Provost Donald Loewen,1
Events Center Lister,1
Alumnus David Gaita,1
Tall,1
New York Chancellor Nancy L Zimpher,1
Nursing’s Patty Reuther Innovative Practice Center,1
Namgyal Monastery,1
Dance Works Unlimited,1
Binghamton University Research,1
Binghamton’s Kandace Newry,1
University Appreciation Day,1
Piser;,1
America East Men’s Basketball Rookie,1
Binghamton University Kickline’s Ashley Haugstatter,1
Endicott Read,1
Ashley Horton,1
Jasen Borshoff,1
Stuff”,1
Anderson Center Reception Room Dr Harold Cohen,1
Man,1
Marist University.  The Bearcats’,1
Before,1
Frank Deford,1
Plus Bond Tester,1
"Great American Chocolate Bar,”",1
Taryn Lindquist,1
Jenga,1
Harpur Chorale. ,1
Binghamton’s Taylor Johnston,1
Big Gigantic,1
History Douglas Bradburn,1
Dance”,1
UMass The Bearcats,1
Chenango Champlain Collegiate Center Multipurpose Room,1
Academic Building A PHOTOGRAPHER’S NOTE: I,1
Trish Possio,1
Joan Whalen,1
ABBA: The Concert,1
National Institutes,1
Matthew Abramowitz,1
AEPhi,1
Friday Students,1
Brian Goldwasser,1
Culture Scholarship,1
Sponsored,1
Riley,1
Jordan Roth,1
Mallory Lawes,1
Silk”  Chinese,1
Devon Lash,1
Stoerk,1
Anne McCall,1
Tom McCartney,1
Taking Back Sunday Stepping,1
Radford,1
"Sinem Maden,  Ezgi Boz",1
Aaron Lin Ryan Lake Shane Thompson Albert Aguayo,1
SIFE President Alec Hess,1
Ainsley George,1
Senior Kristin Hovie,1
Rak Shalom,1
Revolution,1
University Counseling Center,1
The Chinese American Student Union,1
Safety Office,1
Information Technology Services,1
Gabriella Andrews,1
World Cup Champion Olympic Gold,1
Annual Golf Tournament,1
President Obama’s,1
Starting Point,1
Career Development Center Resume Blitz,1
Minnesota Twins Diamond,1
Tyler Pluchino,1
Dharamsala India,1
Baking Challah,1
Hinman College Library,1
Red Cross,1
Binghamton University Men’s Lacrosse,1
Binghamton University Scholars Picnic,1
National Guard,1
Toby Millstein,1
Meaghan Curtin,1
Middletown,1
Brandon Young,1
Johnson City Elementary School The SOE,1
Painters,1
Gael,1
Storm,1
Kate Chervin,1
Reisinger’s,1
Murphy Smith,1
BTV. ,1
North American Indians,1
Laurie Wooster,1
Harold,1
Events Center Heikkila,1
Binghamton University’s NYSUNY,1
Tim Knapp,1
Binghamton’s Matt Moynihan,1
The Hurricane,1
Newing’s,1
Tarani Johnson,1
Dan O’Connor,1
Old Union Hall Nov,1
Liu Kuiran,1
Recovery: Southern Tier NY After,1
Rebecca Harro,1
Singer,1
Winner,1
Onondaga Nation. ,1
Binghamton University Athletic Hall,1
Year Prints,1
Automotive Engineers,1
Chamber Hall The,1
St Louis Mo,1
University Union Admissions,1
Joel Thirer,1
U.S Congress,1
Move-in Day,1
Chris Fernandez,1
X-Fact’r,1
Arnice Jackson,1
Michael Brown,1
Binghamton University Libraries.  Pictured,1
Lalaine Little’s,1
Christopher Rong,1
Caytlin Friis,1
Twin,1
Joseph,1
Binghamton University Art Museum,1
Alumni Ray,1
Goodwill Theatre,1
Lecture Hall Einstein Bros Bagels,1
Seminar,1
Bailey Morgan,1
Sitges Spain,1
Natural History Since,1
Chuan-Jian Zhong,1
Global Medical Brigades,1
North Africa,1
Price,1
Aidan Papalia,1
Monday Dec,1
James Manchisi MS,1
Andrew Koven,1
Civil War Monument,1
Chenango Champlain Collegiate Center The,1
Eugenia Nachber,1
John Linitz,1
T.J Watson Elementary,1
Friendship Family Geoff,1
Love You Man”,1
"Dad”, ",1
Lindsay Brown,1
Downtown Center,1
Andrew Bryce,1
Tioga Hills Elementary School Brownie Troop,1
Campus Recreation’s Outdoor Pursuits,1
ICK,1
Rich Laura,1
Casino-in-the-West,1
International Coffee Hour,1
Team La Cross,1
Yellowcard,1
The Greek God,1
Alumni Relations,1
Heather Worne,1
Binghamton’s Ricardo René Larémont,1
Monday Feb,1
The City Project,1
Livestrong,1
CNN,1
The Dickinson,1
Rehabilitation,1
Thrones”,1
Cost Cutters,1
Hadassah Head,1
Bill Bereszniewicz,1
Yulia Smirnova,1
Horla Kutte,1
Susan Fischer Joan Suda,1
Financial Products,1
Margaret Maugenest,1
Carly Wurman,1
Orlando Torres,1
V-day,1
Domestic Violence Awareness Month,1
Falls Church Va.,1
Physics Aleksey Kolmogorov,1
Freshman Cynthia Amoah,1
Sarah Cartmill,1
Spring Festival Gala,1
Angelique Jenks-Brown,1
Patrick Madden,1
ARCA Slick Mist,1
America East Women’s Basketball Championships,1
Women’s Club Rugby,1
"Union Boys,”",1
Norwich;,1
Angelina Blasich,1
Push America Push America,1
Stephanie Calderon,1
Binghamton”—at,1
Harrison Xinshi Tu,1
Edinburgh Festival Critics’ Choice Award Galumpha,1
Madison Square Garden,1
Binghamton’s Alexis Hatcher,1
Pat O’Brien,1
Heather Worden,1
Mountain”,1
Monday’s,1
"Goes,”",1
Fire Prevention,1
SIM,1
William,1
Andrew Genussa Jennifer Donohue Isaac Sonaike,1
Anthony Parris,1
Wise Men: Heepyoung Oh,1
Lauren Carty,1
Binghamton The Center,1
Trees,1
Lee Sosa,1
July Fest,1
Dickinson Community Players,1
Julie M McLaughlin,1
Paul Tanui,1
Jack Mckeever,1
Gustavo Fring,1
Great Horned Owl,1
Bat-Ami Bar On,1
BU Acres,1
Job Creation Incubator,1
Parlor City Commons,1
Capital Building,1
Lisa Hrehor,1
Thom Furey,1
Air Guitar,1
Alexander Calder,1
North Fork,1
Binghamton Athletics,1
Kevin Maney,1
Antonio Sobejano-Moran,1
Tiffany Padgett,1
Groton,1
Dickinson Days Outdoor Festival The Ragusas,1
Shaya Khorrami Alice Kim Samantha Macy Kristen Paczkowski,1
Singing Wenches,1
Tory Daral,1
Angelo Mastrangelo,1
Daniel O’Connor,1
Piermont N.Y.,1
Annual Abraham J Briloff Lecture,1
Ann,1
The Dickinson Community,1
Deever) Tom Kremer,1
University Jay Cahill,1
Hewlett,1
With Elana Greenberg,1
Seth Spain,1
Steve Cella,1
Shane Tracy,1
PricewaterhouseCoopers Scholars Program—volunteered,1
Chenango Champlain Collegiate Center Construction,1
Sarah Lam Read,1
Columbia Invitational,1
New York Wolf Conservation Center,1
Hinman Discovery Center,1
Cinema Vincent Grenier,1
Chefs Team Cooking Competition,1
BMets,1
Donnie Williams,1
Korea,1
Glenn Pepe,1
Freshman Chelsea Casella,1
Julianna Vecchiotti,1
RJ Russo,1
Caps,1
New Hempstead,1
John Stossel,1
Students April Thompson,1
Deborah Tirsun,1
William Schneider,1
Alumna Emilly Obuya PhD,1
Graduate School Fair,1
Heather Gliniecki,1
Chinese New Year Celebration,1
American Cancer Society Saturday,1
Liang Liu,1
Whole,1
Hinman Dorm Wars,1
St Thomas Aquinas School,1
Sensual Evening.” Ansari,1
Madison Square Garden Media,1
Education Commencement,1
Binghamton’s Ross Park Zoo,1
Contact,1
University Union.  Read,1
Mike Kennedy,1
Off Campus College,1
Extreme Team,1
North Side,1
Queens N.Y,1
Lifesavers,1
Patty,1
SUNY Global Career Development Center Office,1
Mirela,1
Amazing Spider-Man,1
Theresa Manna,1
Frisbee,1
First Friday Art Walk,1
Emily Zanat,1
Steven Campagna Tim Dowd Adam Heller Lillian Kravitz,1
Alumni Association Awards,1
Naomi,1
Giant Jenga,1
Connor Stanton,1
Binghamton University Associate Professor Pamela Mischen,1
Highland Falls,1
Savonna Connolly,1
John McKenna Memorial,1
Things,1
J.P Morgan Library,1
Pat Popolizio,1
General Dynamics Electric Boat,1
Origami Club,1
NYSEG,1
Boston Marathon,1
Chris Ballerini,1
Samaritan House,1
Nigeria,1
Binghamton University’s Department,1
Wei-Jung Chen PhD,1
Europe,1
Mardi Gras-themed Brain Train Parade,1
People’s Republic,1
Alumnus Seth Mates,1
Broome County Habitat For Humanity,1
Antonia Bennett,1
Seneca Hall,1
Pear,1
"Twilight Zone,’",1
Pelham,1
Caring.  Binghamton University,1
Chelsea Pace Ben Williamson,1
Michael Jackson,1
Henry Olubi,1
Kickline—to,1
Jasmine Patihi,1
National Research Science Award,1
Management’s Pricewaterhouse Coopers,1
Binghamton Fall Invitational Golf Tournament Monday Oct,1
Students Jeanne Zonneveld,1
All Shook Up,1
Brockport,1
Dickinson Student Services,1
Louisiana State University,1
Teaneck N.J.,1
"Demetri Martin,”",1
St,1
Sunlight,1
Cisco Systems,1
Watson Commons,1
Dance Revolution,1
King.”,1
Madeline Greenier,1
Vukasin,1
Allisha Ea,1
Rupert Wade,1
Jeffrey Schertzer,1
Tim Waful,1
Alex Button,1
Fusheng Zhang Kaitlin Morris Natalie Triana Michael Fischer,1
Emergency Services,1
President’s Scholars,1
Chappaqua,1
Nora Holt,1
Mary Joncas,1
Tomorrow,1
Romello Walker,1
John Brunelli,1
Welcome Week Service Project Program,1
Rajesh Burela,1
Harvey G Stenger Jr.,1
Chi Alpha Epsilon National Honor Society Speed Dating,1
Skilled Musicians,1
Vestal Volunteer Fire Department Environmental Health,1
Management PWC Scholars,1
Aida Alfonzo,1
Earth Day Festival,1
CAA,1
Witch’s Broom,1
Lillian Lin,1
Anthony Esposito,1
Zack Nasca,1
Mark Pauly,1
Roll Hall,1
William Dwiggins,1
Lily Kuong Winnie Chen Karen Lin,1
Man One,1
Osterhout Concert Theater The,1
Kevin Hatch,1
Sunday Jazz Brunch,1
Alabama,1
Vanessa Pollicino,1
East Meadow,1
Chris Gaube,1
Dance Company,1
Shadow,1
Johnson City Doulas,1
Tiffany Williams,1
Senior Cody Reed,1
Danny Guerriero Watson School,1
Kristen Voorhees,1
Wednesday Aug,1
Nick Gwiazdowski,1
The Clothes Line Project,1
Ron Swanson,1
Anita Matey,1
Christina Breighner,1
Binghamton University German Fulbright Summer Institute,1
David DuBois,1
Shadaylah Byrd,1
Las Vegas’,1
Kelly,1
"Paper,”",1
Antonio’s Cafe,1
Michael Grasso,1
Dollar Show,1
South African,1
Orchard Park,1
Aaisha Fatima,1
Rose Center,1
International Student Scholar Welcome Dinner,1
All-SUNY Regatta,1
Washington Harvard UC Berkeley USC,1
A New York State University Police,1
TRiO Days,1
Go Green Institute,1
Replacing,1
Char Ruddick,1
Community Opportunities Elise Schapira,1
Gabriella Layne,1
Psychology Department,1
Confluence Park,1
Fordham University,1
Johanna Bridges,1
Howard Eisen,1
Clock Tower:,1
What,1
Oakdale Mall Center Court,1
Dobb’s Ferry,1
Phyllis O’Donnell PhD,1
Anthony Gabriele,1
Hartford The Bearcats,1
Lady Bearcats,1
Elizabeth Glaser Pediatric Aids Foundation. ,1
Ed Wilson,1
Ricardo Rene Laremont,1
Chromananotech,1
Andrew Merriwether’s,1
Neil Terrell Brandon King Bradley Kocick,1
Matthew MacDonald,1
Caitlin Sortino,1
National Book Critics Circle Award,1
Community Archaeology Program,1
Stony Brook University,1
Gretl,1
Stein,1
Massapequa She,1
Langhorne Pa. Heather Segal,1
Philosophy,1
Columnist Amy Dickinson,1
Kings Park Karen Santos,1
Janey Choi,1
Sami Blum,1
Admissions Center,1
Cleveland Indians,1
Brennan Kumpon,1
Shengsheng Zhou,1
Kristin Hovie,1
Mike Carbone Mo,1
Eunhwan Bae,1
Alumnus Sean Cummings PhD,1
Sizzler,1
Adam Goldenberg,1
Move-In Day,1
Michael,1
Chandon Qu,1
Tom Albrecht,1
Bearcat Athletics Complex,1
Events Center Decker School,1
Kayleigh Donahue,1
SOM Faculty/Staff Person,1
Mike Paluch,1
Andrew Vignali,1
Daniela Rivera,1
Lisa Queeno,1
Tim Friedman,1
Elliot,1
Anderson Center Chamber Hall. ,1
Dickinson Hall The,1
Holbrook,1
Aziz Ansari,1
Public Administration Thomas Sinclair,1
Undergraduates Rachel Lecker,1
Jesse Behal,1
Interim Provost,1
Council,1
Nicholas Adams,1
Schuylerville,1
Ray,1
Scheduling Fest,1
Kadish’s,1
Tim Sullivan,1
Suhas Chivukula,1
Conceptual Frameworks,1
Eisenkop,1
Sports,1
Waiting,1
President”,1
Tomonari Nishikawa,1
Kylie Grippen,1
David Rodriguez,1
East Broadway,1
Professor David Cingranelli,1
Scottrade Center,1
Library Tower.  Thurston,1
Southern Tier The,1
Pistol,1
Alishia Barton,1
Blum’s,1
Far East”,1
Jessica Falcon,1
Rec Fest,1
Auction,1
Aviel Moshenayov,1
Albuquerque N.M.; Nj Agwuna,1
Laurie Wheelock,1
Nick Offerman,1
BMX,1
Wenyue Du,1
Seth West,1
Owner’s Manual,1
Binghamton Crew Club,1
Warren Chen,1
Dennis J Lasser,1
Addabbo Family Health Center,1
Susquehanna Community. ,1
Tamar Gaffin-Cahan,1
Elsie Hammond,1
Mall,1
The Heights”,1
Computer Engineering Victor Skormin,1
Yom Ha’atzmaut,1
Tau Alpha Upsilon Pancake Dinner,1
Kalyn,1
Vasili Papastrat,1
Manhattan College Springer,1
Cory Nelson,1
Chi Phi,1
Big Data,1
Marcus Armato,1
Alumni Legacy Family Lunch,1
Provost Donald Nieman,1
Binghamton University Baja Build Team Daniel E Bentley,1
William Hall,1
Antonio Gobbo,1
Mountain Joe Shankey,1
Megan Burgess,1
Watson Institute,1
Anderson Center’s Chamber Hall Former Wall Street,1
Celeste Keefe’s,1
Patel,1
Jen Hastings,1
Hinman”,1
Central Connecticut State University Catch,1
Detail,1
Dr Israel J Rosefsky Language,1
Vestal Senior High School Marching Band,1
William Baldwin,1
Anthony Edick,1
BingSpot,1
Johnny Hart,1
Hempsted Sarah Connolly,1
Matt Epstein Ron Miller,1
Anderson Center Magrath,1
Participants,1
Hilary Corna,1
Medina,1
Matt London,1
Habitat For Humanity,1
William Clayton,1
Student Wing Read,1
Events Center Friday,1
Eating,1
Kaitlyn Koban,1
Psychology Peter Gerhardstein,1
Frost,1
Educational Opportunity Program’s Binghamton Enrichment Program,1
Aida Tareke,1
Olga Petrova,1
Tenzin Norbu,1
Delta,1
Asian Diasporas,1
St Jude Children’s Research Hospital The,1
Tiphani,1
Margaret Iwobi,1
Maine Black Bears,1
Peter N Vukasin Lecture,1
Sodexo Global Chef Program,1
Kopernik Observatory,1
New York City Fischoff,1
Boston-based,1
Stephanie Fox,1
Ted Kooser,1
Xiomara Ortiz,1
Zombies,1
Soul Stich,1
Professor Herbert Bix,1
Photo) Associate Director,1
America East Championships,1
Mallory Schlossberg,1
Health,1
Peace Quad. ,1
Elisa Sadowsky,1
NOVA,1
Police Officer Doug Bonawitz,1
Destiny Sibley,1
Pierre Marquez,1
Intro,1
Alumnus Bruce David Klein,1
Ricardo Lambert,1
Diamond,1
Njumea Holder,1
Art Show,1
Ken Garcia,1
Huntington Beach Calif,1
Hebrew,1
Peace,1
Baccalaureate Program Read,1
Chris Kim,1
Late,1
Greenwich Conn,1
Jess Ferrucci,1
Laura Keim,1
Jacqueline Hogan,1
Union Square,1
Brookfield Conn.,1
Staatsburg,1
Sweatshirts,1
White Water Kayaking,1
Eric Vanderbeck,1
Shirley Chris Coyle,1
Arthur Miller,1
CSEA Local VP Marty Honeychuck,1
Steve Labrecque’s Wild Ride,1
Lois B DeFleur Walkway. ,1
Aysa Cerny,1
Mid-Day Concert,1
Binghamton’s Ben Dickinson,1
Louise Akel,1
Germany,1
Professional Schools Freshman Orientation Late Nite,1
Kim,1
Amityville,1
Decorated,1
Susquehanna Coffee House,1
Monday July,1
Steve Tarnow,1
Aldonza,1
Brendan Ashley,1
Works Hard,1
Invitational Iron Pour,1
Dickinson Community Health Fair,1
Christopher Morgan-Knapp Kimberly Jaussi Matthew D Johnson,1
Binghamton’s Rob Person,1
Long Island University,1
Aisha Daraja,1
Ron Ziemba,1
Elizabeth Signorotti,1
Becky Urban,1
Week Ever”,1
Eric Raven,1
Champlain-Whitney Halls,1
Broome County United Way,1
Janet,1
German-,1
Ronnie Zhu,1
Museo Romántico,1
John Clark,1
Adolescent Brain.” Read,1
Michael Sharp,1
Levitt,1
Point”,1
Nayemai-Isis McIntosh Green,1
Night Visitors The,1
Binghamton University Baseball Head Coach Tim Sinicki,1
Miami Fla.,1
Midsummer Nights’ Dream”,1
Zachary Smith,1
Justin Garcia MS,1
Renowned American,1
Student Hyo Kim,1
Sharsheret,1
White House,1
AEPhi Greek God,1
Battalion,1
"Screaming Green,”",1
Although Cornell,1
October. ,1
Elizabeth Brown,1
Anderson Center Diamant,1
Jennie Finch,1
Freshman David Botbol,1
Abraham J Briloff,1
Nick Cortina,1
Kohar Bedonian,1
Old Union Hall.  The International Connection,1
Washingtonian Hall,1
All-America,1
Kristen Lyons,1
French,1
Abe Kolt,1
Danielle Passafiume Victoria Dearing,1
Harpur,1
Smithtown,1
Chernobyl,1
Thomas Pogge,1
Blanche DuBois,1
Kate Vollrath The,1
Masters,1
Binghamton’s Bryce Edmister,1
"Chorus Line,”",1
Natalie Pesantez,1
Empire State College Binghamton University President Harvey Stenger,1
History Department,1
Alan Levitt,1
Ellie Johnson,1
Funded,1
Silvia Ivanova,1
University’s Environmental Health,1
Binghamton University Events Center Thursday The Webbers,1
Memorial Courtyard The,1
William Stein,1
Binghamton University’s Karissa Gorman,1
Ben Shi Xu,1
Daniel Popoola,1
Slime Formation,1
Berke Cheim,1
Students Jon Karlas,1
Piper Gauthier,1
Yukata,1
Mechanical Engineering Ron Miles,1
New York Police,1
Grammy,1
Alfred Cornell Cortland Keystone Ramapo R.I.T. Skidmore Syracuse,1
Kerhonkson,1
Michael Biton,1
Paul R Goldstaub,1
Jonathan Cohen/University Photographer,1
Megan Kizer,1
James Grippe,1
Colgate University Mikala King,1
Binghamton University’s Caleb Wallace,1
St Thomas Aquinas Catholic School,1
Gregg,1
Marissa Fielstein,1
William James Lawson,1
Carroll,1
BS,1
Talukdar,1
Jiang Wei Liu,1
Anna Rae Newland,1
Food Olympics,1
CSI:NY,1
Megan McCaffrey,1
Emma,1
Kathleen Clancy,1
Anne Brady Performances,1
Andy Stoerk,1
Binghamton University Women’s Chorus,1
Midlands Championship,1
Humanity’s,1
Edmund Qi,1
Zal Mirza,1
HIST,1
Binghamton University Downtown Center The,1
Jennifer Chica,1
Binghamton University’s Campus Pre-School,1
Enrollment Management,1
David Raleigh,1
Catherine Heinzinger,1
Student Accounts Office,1
Cher Ruddick,1
Broken Key’,1
Associate Professor Doug Summerville’s,1
Maggie Ray,1
Dean Anne McCall,1
Long Island N.Y.,1
Jaime Wadowiec,1
Darius Sanford,1
Biological Sciences Julian Shepherd,1
Neil,1
Pi Kappa Alpha,1
The Pipes,1
Seaford,1
Children Day,1
Strategic,1
Sen Thomas W Libous Assemblywoman Donna A Lupardo,1
Masayo Ishigure,1
Kaspar,1
Annual Bearcats Celebrating Women’s Athletics,1
Dena Wilson,1
Couper Administration Building A,1
Family Assessment,1
TIER Talks,1
Denise Fasuyi,1
Turkish,1
Boston Red Sox Sosa’s,1
Maplewood N.J.,1
Staten Island,1
N’dri Assie-Lumumba,1
Gretel,1
Mina Kim,1
Daytona International Speedway. ,1
Calculus,1
Think Binghamton University,1
Kayla Rodriguez,1
Jenna Moore,1
Hunter Mountain,1
Masti Bollywood Fusion,1
Jessica Hennig,1
U.S Senator Charles E Schumer,1
Judaic,1
Joanne Frederick Secretary,1
Iowa State,1
Cheer Team,1
Most,1
Jordan Lips,1
American Civic Association,1
Joshua Blum,1
Year Award,1
Soler,1
Binghamton University Summer Youth Musical Workshop Showtimes,1
Shary Sanchez,1
Women,1
Sons Poétics Transatlántics,1
Alumnus Matthew Schneider,1
The Nukporfe African Dance,1
Peter N Vukasin Lectureship,1
West Gym Binghamton,1
Jenna Thomson,1
Uthman Aziz,1
Nicole Jiao,1
University Percussion Ensemble,1
Marine Captain John McKenna IV,1
SUNY Albany,1
Clifton Park,1
Sports Information:,1
Dickinson Community Each,1
Nikolai Pilipenchuk,1
America’s,1
Bonnie Russolillo,1
Daniela Kopolovich,1
U Lee,1
American Educational Research Association Award,1
Dickinson Community Daily Photo,1
Patty Bloomer,1
Run” Simmons,1
Rebecca Bose,1
Kiddush,1
Johnson City—one,1
Suffern N.Y.,1
Carly Wisniewski,1
Central Valley Rebecca Stempler,1
Fitness Challenge,1
Events Center Thursday,1
Binghamton University Endicott Interconnect Technologies,1
Alana MacDonald,1
Eric Buxbaum Alexis Stecker Craig Buxbaum Vicky Stecker Mike Buxbaum,1
Audrey,1
Virtusphere,1
The Newing Dragon,1
Hannah Mitchell,1
Mileur,1
Super Bowl,1
University Union Eighty-two,1
Shanice Hodge,1
Josue Quinones,1
Melanie Richardson,1
University.” Dozens,1
Celebrating,1
Stephanie Omilin,1
Gillibrand,1
J Cole,1
Teamwork,1
Cindy Sherman,1
Lee A Cummings,1
Katonah N.Y.,1
Lehman Hall,1
Elliott,1
Ziegler,1
Binghamton University Promise Zone,1
Decade.” He,1
Kwan Park,1
Monir Bruckner,1
May He,1
Writers Spring Readers’ Series Event,1
Cause”,1
Interim Director,1
Bob Emerson,1
Memorial Courtyard. ,1
Lauren Smith,1
Jeanine Stoner,1
Newing College Monday,1
Sammakia,1
Vishal Gupta,1
Natalie Teboul,1
Yesenia Campiglia,1
Casadesus Hall,1
Brea Oliver,1
SUNY New Paltz,1
Me Later”,1
Port Jefferson,1
Career Development Center Educational Opportunity Program,1
Careers Externship,1
Binghamton University The,1
American University’s Phillip Barreiro,1
Timothy Perry,1
Lecture Hall One,1
Felix Brecht,1
Hinman’s,1
Navy’,1
Founding,1
Jessica Bump,1
Berimbau,1
Reiber:,1
Abby Voce,1
Comedy”,1
Derrick Conyers,1
SimMan,1
Latin,1
Miller,1
Milky Way,1
American Red Cross Vestal EMS Harper’s Ferry EMS Broome County Emergency Medical Services Binghamton University Police Susquehanna Nursing Care,1
The Black Student Union Annual Fashion Show,1
The University String Orchestra,1
Brandon Cropley,1
Steven Correll,1
Collingswood N.J.,1
Dennis,1
Community Schools Initiative,1
Scholars Association,1
Erica Rollins,1
Kellan Burton Potts,1
Jericho,1
Piermont Public Library,1
Research Greenhouse Shown,1
Fans,1
Applied Science Dean Krishnaswami,1
Alumna Jane Rosales,1
Reconstruction,1
The College,1
Stephen A Smith,1
Bucknell,1
Ari Hirshfeld,1
Jisu Park,1
Farmingdale,1
Tony Bennett,1
Patrick Socias,1
"Night Visitors,”",1
American Race Car Association,1
Liz Regon,1
Binghamton University’s Pina Guillaume,1
Doctor,1
Riverhead N.Y,1
Adelsberg,1
Lierop,1
Jade Cayne,1
Way It Is”,1
Karima Jibril Christina Santa Maria Carina Kahane,1
Hindu,1
Clarksville Md,1
The Conference Board,1
Public Affairs Assistant Professor George Homsy,1
Protiviti,1
College-In-The-Woods,1
Executive Chef Johann Becker,1
Corey L Juliano,1
Richard T Stank Middle School,1
Emilee Mayers,1
Billy,1
The New York Times Crossword Read,1
Juggler Michael Hilby,1
Coulton:,1
Caroline Perny,1
Events Center Flanagan’s,1
YeongHyeon Kim,1
Pakistan,1
Tech Sgt Joesph M Hommel,1
Rescue Mission Read,1
Jim Dix; Barbara Steigerwald,1
The Washington Star He,1
Phil Ross,1
Turn Signal Biking Jacket,1
Dawnie Steadman,1
Hinman College Faculty Master Al Vos,1
Binghamton Men’s Swimming,1
Brian Perry School,1
Cole Tornberg Christina R Santa Maria,1
Johnson City Mentor Program,1
Biochemistry Program,1
University’s Admitted Student Open House,1
Dancing,1
Graham Munro,1
Jun Min,1
Alexander Leiss,1
Lt Gov Robert J Duffy,1
Ben Barnes,1
Bolivia Banquet”,1
Binghamton University’s MALIK Fraternity Inc.,1
Stand-up,1
Colonial Hall,1
Atlanta Ga.,1
Gov Andrew Cuomo’s,1
University’s Analytical,1
Canisius The Bearcats,1
Doctorate,1
St James,1
Caprice Jones,1
Greg Steele,1
Chris Dmuchowski Ed Hausmann Jeff Goldbeck,1
Providence College,1
MTV Movie Awards,1
Kim Albrecht,1
Sichuan University,1
Graduate School Nancy Stamp,1
Team-based,1
The Bearcat,1
Kendal Lestrade,1
David,1
Matt Telfer,1
Farmingville,1
Windham Hall,1
Peter N Vukasin,1
Russia,1
Santa Claus,1
Shelby Reller Jared Douglas Saihou Sissoho,1
Public Affairs Dean Patrica Ingraham,1
Ari Fararooy,1
Windsor Black Knights,1
Ron,1
Communications,1
Laura Weiss,1
The Clock Tower Glenn G Bartle Library Tower Fine Arts Building,1
Alex Charen,1
Zhe Li Zhexuan Song,1
President Harvey Stenger AVP Terrence Kane UUP,1
Psychology Department.  The,1
Roy,1
Ben Snodgrass,1
Swain,1
Binghamton University ROTC The,1
Nancy Lamberty,1
A Jack-O-Lantern,1
Practice.”,1
America East Men’s Tennis Player,1
Engineers Without Borders,1
Julian Shepherd,1
Courtney Cook,1
Environmental Studies Program,1
Senior Kristen Stone,1
Erik Van Ingen,1
Glen Head,1
Senior Jim Calderone,1
Young,1
Lieutenant Madeline A Bay,1
Their,1
Allison Feldman,1
Richard Dalfiume,1
Jason Gardner,1
Will Survive”,1
Passion Pit,1
Anna Blessing,1
Andrew Loso,1
Albany Ithaca Rochester,1
Binghamton City Council,1
Jessica Schubert,1
I-beams,1
Author Liz Rosenberg,1
Pancakes,1
Ethan Hausamann,1
Binghamton Urban Farm,1
Early Childhood Center Thanksgiving,1
Carol Hanscom Performances,1
Will Tregidga,1
Styrofoam,1
Happy New Year! Pegasus,1
Story Book Garden,1
David Berkowitz,1
Broome Community College Ice Center,1
Elyssa’s,1
Post-Acute Care.”,1
Anna Kotler,1
America East Championship,1
Moshe Levy,1
Susanna Hempstead,1
New Yorkers,1
Heisman Hopefuls,1
Joe Rogers,1
Pi Kappa Phi,1
Hand-to-Heart,1
Employer,1
Southern Tier AIDS Program,1
Assemblywoman Deborah Glick,1
Otago,1
College-in-the-Woods Commons,1
Academic Affairs Jean-Pierre,1
Memphis,1
Africa,1
Eric King,1
Yale University,1
Associate Professor Timothy J Singler’s,1
Sven Vloedgraven,1
Chenango Champlain Collegiate Center Stoner,1
The Blacks Latinos Asians,1
Connor D’Andria,1
Startup Weekend,1
Colgate,1
Erika Kalgren,1
Lisa Kruse,1
Roseanna Chan,1
Franklin Lakes N.J,1
Lane Laungxay,1
Hurley,1
Cross,1
Ice,1
Chloe Hart,1
Benjamin M Lawsky New York State’s,1
Binghamton University’s Professional Employee’s Council,1
Binghamton Crew,1
Dr Mary Frances Berry,1
Emma Kurth,1
Broome County Executive Debbie Preston,1
Temple The Bearcats,1
Manhattan,1
Gabriel Obermayer,1
Polar,1
Fairy”,1
Evelyn Chebere,1
Sim-Man,1
Katie Sokol,1
Nick Thompson,1
Arielle Cravatta Kristina Klimek Shannon Eibert,1
Peter Sicilian,1
Events Center March,1
Digital Divide Project,1
Kyle Wambold,1
Endicott; Dan Fein,1
Jaclyn Galdun,1
Teach,1
Drexel University,1
Assemblyman Jay Dinga,1
Brewerton,1
Shreya Suri,1
Anthony Brunelli Gallery,1
Geraldine Britton,1
Georgetta Maiolo,1
Japan Bix,1
Facilities Management Lawrence Roma,1
Benjamin Aldridge Afterward,1
Kate Sitrin,1
Vanessa Ayivi,1
DeFleur Walkway Read,1
Chemistry Club Dan McCurry,1
Old Dominion University’s John Nicholson,1
Lockheed Martin,1
Newing Navy,1
Lecture Hall Science,1
The Harpur College Monolith,1
Assemblymember Clifford W Crouch,1
Mathematical Sciences Shelemyahu Zacks,1
Binghamton University President Lois B DeFleur Senator Tom Libous,1
Village,1
SUNY Upstate Medical University,1
Jaidyn,1
Professor Dawnie Steadman,1
Anthropology Professor Dawnie W Steadman,1
Bethany Dickinson,1
Showcase,1
Meets West: Encounters Along,1
Complex Kid),1
Lehigh University Binghamton,1
Public Affairs Patricia Ingraham,1
Lecturer Thomas Koon,1
His Holiness,1
Cayuga Heron Clan,1
U.S Marines,1
Solingen Germany,1
CPR,1
Hillsdale N.J. Chrissy Colligan,1
America Innovates Act,1
Hinman College Dorm Wars,1
Freshman Storm Clonch,1
Alison Gang,1
Ballroom,1
Gabriel Piser,1
Snarky Puppy,1
Mohawk Hall The,1
CPU,1
Carolyn White,1
Richmond Hill,1
Nelson Mandela,1
Spearheaded,1
Student Association Programming Board Read,1
Alumnus Mitch Lieberman,1
Daily Photo! Daily Photo,1
Ira Yousey,1
Hanukkah,1
Scott Rheinheimer,1
Frontman Michael Angelakos,1
Computer Center Read,1
TasteBuds By,1
St Peter’s University,1
Don Henley,1
Amanda Struempfler,1
Xavier,1
Amherst N.H,1
Paul Shovlin,1
Hornsby’s,1
Andre Donaldson,1
National Science Foundation CAREER,1
Stephanie Katznelson,1
Matthew P Comite,1
John McKenna IV,1
"Poverty,”",1
The Binghamton Center,1
Mansfield University The Bearcats,1
Binghamton N.Y,1
Sea Ray,1
Tuesdays,1
Telecommunications,1
Hill,1
Sebastien Lacombe,1
David Chandler,1
Harvest Festival Tomas Quezada,1
Jazzman’s,1
"Dress For Dinner,”",1
The Hand,1
Marist,1
Alida Cooke,1
Catskills,1
Justin Colon,1
President Chung Kil Chung,1
Mr Greek God,1
Danielle Ramkissoon,1
Campus Activities,1
Events Center Magrath,1
Asian American Studies,1
Ashley Hall,1
"Grabber,”",1
Oceanside,1
Matt Kopp,1
Oprah Magazine,1
Charles Napolitano,1
Tucker,1
Paul Bobby,1
Fox Business Network’s,1
Summer Youth Musical Theater Workshop,1
Monroe Woodberry,1
Run-DMC,1
Professor Frank Cardullo’s,1
Maggi,1
Generation Y,1
America East Softball Championships,1
United States Supreme Court,1
September’s,1
Orientation Advisors,1
"Singing,”",1
Prior,1
Rebecca Irwin,1
Green,1
Hamming,1
Walter Rochester,1
Object’,1
World Work Better”,1
Caribbean,1
Vice Provost,1
Moments,1
Williamsport Pa,1
Wishmakers,1
Campus Recreation The,1
Sheldon Goldfarb,1
Syracuse; Steven Kantorowitz,1
Look”,1
America East Conference Commissioner Amy Huchthausen,1
Hollow”,1
Super Smash Bros Brawl,1
Foam Party,1
Dan Hill,1
Susannah Gal,1
White Face”,1
Proceeds,1
Lois B DeFleur Walkway Monday Oct,1
Emily Venezia,1
Anamol Bight,1
Science Building Read,1
Sigma Lambda Upsilon,1
Soaking,1
Robert,1
Rock,1
Binghamton’s Nate Schiedel,1
Computer Science Lijun Yin,1
Ellen Thurston,1
Homecoming The,1
Chicago McCarthy,1
Convocation Moodie,1
Nicholas Shanahan,1
Don Rauschmeier,1
Yorkstown Heights;,1
Frederick P Rose Director,1
Albany The Bearcats,1
Alumnus Brice Messavussu,1
Political Science,1
Saturday April,1
The Titan Arum,1
Zimpher,1
Vietnamese,1
Dali,1
The Binghamton University Athletic Wall,1
Brennan Leslie,1
Theatre Department’s,1
Statue,1
College-in-the-Woods’ Woods Olympics,1
Bryan Trested,1
MVP,1
Whitestone Queens,1
Management Commencement,1
Jack,1
Stillwater Okla.,1
Chavie Moster,1
University Bookstore. ,1
Kathleen Corrigan,1
Hiawatha,1
Ilia Bautista,1
Mt Vernon,1
Courtney Stelmach,1
Binghamton’s Dave Ciocchi,1
Meghan Pearis,1
Marketplace,1
Carrie Buck,1
PricewaterhouseCoopers,1
Maznoon Mannan,1
First Friday Oct,1
Engineering Building Computer Center,1
Zakiya Skeete,1
Marlboro N.J.,1
BAE,1
Jason Gallia,1
Ryan Donovan,1
Illustrated”,1
Ghanaian,1
BU Kickline,1
Marist College The Bearcats,1
St John’s,1
Binghamton Community Orchestra,1
Alpaca,1
Ronald J Strauss,1
Glenn G Bartle Library Here Jacyna,1
The Binghamton University Women’s Crew Team,1
Will Grandin,1
Rita C Bergevin,1
Caldwell The Bearcats,1
Foursquare,1
Larry Ransom,1
Hunter Hall’s,1
John Roby,1
Bearcats Athletic Complex,1
Policy,1
Recreation”,1
The Food Co-op,1
Performing Arts He,1
Breakdance Club,1
Binghamton University’s Watson School,1
Tom Rinaldi,1
Gabrielle White,1
Danielle Robinson,1
On September,1
Ramon Bernardez,1
Senate Majority Leader Dean Skelos,1
Kyle Levy,1
Bobby Daglio,1
Emily Daso,1
Mollie McAdams,1
Management Undergraduate Advising Office,1
Alumnus Zach Pedley,1
Jimmy Soto,1
Binghamton Harley Owners Group,1
Sheldon Fields,1
Professional Schools Freshmen Orientation Late Nite,1
Tri-Cities Opera,1
ABC,1
Middle School,1
Binghamton’s J.T Hauck,1
Peace Pole,1
Binghamton CCPA,1
Binghamton’s Katie O’Neill,1
Fall Job,1
Sun Bulletin,1
U.S Senator Kirsten Gillibrand,1
Roman,1
Elias Miller,1
Biological Sciences William Stein,1
America East Basketball Conference Championship Tournament,1
"Deadly Sins,”",1
Colon’s,1
Assistant Coach Dennis Papadatos,1
Vanessa Al-Feghali,1
Makeda Mathieson,1
Taylor Roth,1
Science I Williams,1
Peace Quad The,1
Binghamton City Hall,1
NCAA Championship Tournament,1
On April,1
Reshmi Kurup,1
Long Island,1
Binghamton University Events Center.  Cooking,1
Macarena,1
Senior Vaneeshia Paulk,1
Fiks,1
Twin Towers,1
Boston Red Sox,1
Kevin Nascimento,1
Alumnus Adam Fuchs,1
Psychology Terrence Deak,1
Alice Xue,1
Public Archaeology Facility. ,1
Susquehanna,1
Alumni Catherine Shafer,1
UU-103,1
Anika Michel,1
Binghamton University Globalistas,1
Annual Drag Show,1
Wales Cruz,1
Street Car Named Desire.”,1
Binghamton University Outdoor Pursuits,1
BCC Ice Center,1
Huey Lewis,1
Frost Fest. ,1
Qizhen Li,1
Maplewood,1
Sara Mina,1
No,1
Kira Farberov,1
Director,1
Hopewell Junction,1
Field Championships,1
The Rainbow Pride Union,1
Stella Kasper,1
Tickets,1
Jordan Reed,1
Training,1
Binghamton University’s Homecoming Weekend,1
Kai Gronauer,1
Wendy Abels RJ McGhee,1
Performing Arts Binghamton University President C Peter Magrath,1
Players Gintare Surdokaite,1
Frank Chang’s,1
Works,1
Robin,1
Iron Gym;,1
Summer,1
Andrew Rosales,1
Economists Andreas Pape,1
Felix Caraballo,1
Relay For Life Nearly,1
Gold Team,1
Deborah Paul,1
The National Circus,1
Joyce Ofori,1
Three-year-old Anna Regulski,1
Colton Coreschi,1
Jillian Chen,1
Steve Torres,1
David Kepke,1
Carlene Solomon,1
Eldar Tokhtamyshev,1
Alumna Laura Lamash,1
U.S Rep Richard Hanna,1
Oliver Cho,1
Wednesday Feb,1
Sherae Swinson,1
BU Cycling Club,1
Binghamton’s Circus Arts Association,1
Gina Abrams,1
Decker Student Health Services Center,1
Aiden,1
Binghamton Film Initiative,1
Binghamton Riverwalk Hotel,1
Stock Pitch Competition,1
Bubble,1
Justin Lister,1
Diagnostics Lab,1
Alyssa Burt,1
Bryant Gumbel”,1
Great New York State Chili Championship,1
Girls Take Charge,1
Samantha Amaya,1
CEO,1
First Friday Art Walk The,1
Early Childhood Center Halloween,1
Technical,1
Ching,1
Team Robocrane,1
Mike Sulich,1
Combining,1
Senior Darryll Peterson,1
EngiNet,1
James Pankow Walter Parazaider,1
Discovery Academic Advising,1
Shailen Patel,1
Today Binghamton’s,1
Applied Science Department,1
Harley-Davidson,1
Chevy Impala SS,1
Leah Orden,1
Yang Xinyi,1
Drawing,1
Chester,1
Chai Yaling,1
Cierra Saymon,1
Chioma Nwosu,1
Jesse Garn,1
Juliano,1
Andrew Griffiths,1
Broome County Veterans Arena,1
Regan Kieffer,1
Hispanic Professional Engineers,1
Kennedy Center,1
Broadway Read,1
SOM Student Spotlight,1
Jeffrey Goldbeck,1
Morgan Yau,1
Delmar,1
Major League Baseball First-Year Player Draft,1
Rachel Samuels,1
Salisbury Mills,1
R.I.P.P.E.D.,1
Digital Divide Program,1
Campus Recreational Services Zumba,1
Mastrangelo,1
Bruce Conner Read,1
Fine Arts Building Mellor,1
Kristin Ross,1
College-in-the-Woods Library.  Zhao,1
Flushing,1
Weronika Gil Michelle Lin Elena Pinter,1
Associate Professor Karen Kozlowski,1
Heart Holiday Project The,1
Local,1
Brittany Cutler,1
Kandace Newry,1
Montefiore,1
Oklahoma State,1
North,1
Fireworks,1
Permanent Collections,1
Catherine Champney,1
Alaina Ryan,1
MTV’s Alli Labanoski,1
Classics Andrew Scholtz,1
Binghamton University Break-Dancing Club,1
Binghamton University’s Golf,1
Kerrin Hawkins,1
Marsha Coulton,1
Networking Event,1
Brian Broker,1
Anthropology David Sloan Wilson,1
Leigh Ann Wheeler,1
Douglas Moore’s,1
Binghamton’s Kara Elofson,1
Audrey Packer,1
Digman,1
Alicia Sullivan,1
Binghamton City School District,1
Southern Tier Law Enforcement Memorial Association Ceremony,1
Binghamton’s Matt Springer,1
Author”,1
Marissa Beldock Aylon Pesso,1
Ladies,1
Philippines Read,1
Author/alumna Anita Diamant,1
Ilene,1
Alumna Yun Qu,1
ITC,1
Bell School,1
Donnie Vinson,1
Lt Mady Bay,1
Molly Balow,1
Hartwick College The Bearcats,1
Sage Gibbons,1
Tropical Storm Lee Donations,1
Katie Kravat,1
Diah Irawaty,1
Elyssa Marmol,1
Jiao Jingge,1
Samantha Toussaint,1
Tracey Gordon,1
Harvard Law School The,1
Laura Neroulias,1
Aybala Sen,1
Students-In-Free-Enterprise,1
October Read,1
Flecktones,1
Independence Day),1
Performing Arts Summer’s,1
Greek”,1
Jared Compton,1
Independent,1
Timothy J Singler,1
Bernitha Johnson Sarah Cartmill,1
Stamford Central School,1
National Society,1
Alumni Board Member Greg Ronneburger,1
Saturday Oct,1
Jackie Hogan,1
Photos,1
Ducks,1
Kerri-Ann Smith,1
Nathan Bobol,1
TRiO Tutorial Center,1
National Science Foundation,1
Carrier Dome,1
Sam Stern,1
NCAA Division I,1
SUNY Showcase The,1
Mindy,1
Student Volunteer Center,1
Piles,1
Whitney Hall Kazmierczak,1
Caitlin Kelly,1
Hamotzi,1
Binghamton’s Morgan Murphy,1
Sydney Sherman,1
Dom Notti,1
Library Tower Science,1
Marty Honeychuck CSEA Local,1
Ernst,1
Ambria Latham,1
University Union’s Old Union Hall,1
Profits,1
Augliera Binghamton University’s,1
Marina Eshbaugh,1
Taniel Chan,1
Suzanne Gorey,1
Binghamton’s Vasili Papastrat,1
Fine Arts Building Read,1
Multicultural Fair,1
Some,1
Graduate School Commencement Ceremony To,1
Elliot Portman,1
Ashlee Yilmaz,1
Earth,1
SOM Spotlight,1
Matt,1
Serhat Sakin,1
Ali Castiglie,1
Rebekah Baker,1
Bryan McGovern,1
State St,1
Binghamton High School,1
New Dean,1
Danielle Henry,1
Brandywine Hall,1
Binghamton Scholars Kaitlin Biagiotti,1
David Holmes,1
Kitchen DNA Make Your Own Cell Model,1
Hinman’s House Party Friday April,1
May Commencement,1
Jewish Family Services,1
Reddit,1
Zili Yang,1
University’s Appreciation Day,1
Appalachian Collegiate Center—part,1
McNair Summer Researcher Leah Ferentinos,1
Gavin Hubbard,1
Bryce Edmister,1
The Binghamton Poetry Project,1
U.S Olympian,1
Jacob,1
Belinda Santarelli,1
Court Street,1
"Birds,”",1
Cutting Crew Salon,1
Ricardo Laremont,1
Assistant Professor Louis Piper,1
Daily Photos,1
Calla Abrunzo,1
Michael F McGoff BA,1
Coat,1
Susan L Bane,1
Wayne Schneider,1
National Lab Day,1
Binghamton Crosbys,1
James Burns,1
Paul Knudsen,1
Liz Rosenberg,1
Sociology Dale W Tomich,1
Diwali Night,1
The Bearcats Sports Complex,1
The Chenango Champlain Collegiate Center,1
Mardi Gras-themed Relay For Life,1
Allegra,1
Ryan Yarosh,1
Thursdays,1
Sarah Lister,1
Donovan’s,1
Pong Playing Clocks,1
Campus Services Fair,1
Sara Sunshine,1
Zoja Pavlovskis-Petit,1
Down Shut Up”,1
Binghamton Officers John Pelletier Joseph Gallagher,1
Fine Arts Building Galumpha,1
America Corps,1
Driving,1
Heepyoung Oh,1
Assemblywoman Donna A Lupardo,1
Lauren Boccio,1
Caring Friday Sept,1
Bicycles,1
Robert Dextre,1
Authur,1
Alex Hartley,1
Kuhdadad,1
Tuesday’s,1
Jason Loew PhD,1
Sauer’s,1
Seniors Arnav Jain,1
Ballad,1
Joohyuk Park,1
Student Israt Ahmed,1
Spring Break,1
Science Building William H Hall III,1
Low Elements,1
Excellence”,1
Rev Parris,1
Alexandra Szelewski Alexandra Rodgers,1
Basketball Showcase,1
Binghamton’s Nolan Slesnick,1
Justin John,1
Hunter Gnann,1
Zachary Meyer,1
Julisa Chrysafi,1
Los Angeles,1
Education Commencement Ceremony Hammond,1
League”,1
Binghamton Collegiate Fall Invitational,1
Ashley Conklin,1
Camiscioli,1
Jollof Rice,1
Forum,1
Stefano Marchegiani,1
Bold Brilliant Binghamton Photo Contest To,1
Distinguished Teaching Professor Karen Bromley,1
Andrew Kelly,1
May Learn,1
Binghamton University Appreciation Day,1
Michael Grodsky,1
Massapequa,1
English PhD,1
Hawley,1
Color Mentoring,1
Arlington Va,1
Associate Professor Anthony Fiumera’s Bio,1
Bearcats Sports Complex The Pep Band,1
Andrew Kohlmann,1
Anthony Brunelli,1
Industrial Engineering,1
Jennifer Bochicchio,1
George Mason University’s Jaaziah Bethea,1
Adalyz Hernandez,1
New York State Assemblywoman Donna A Lupardo New York State Sen Tom Libous President Harvey G Stenger,1
Wesley Dyer,1
Kingston,1
Budding,1
Library South,1
Tim Strack,1
Asiful Chowdhury Austin Cassidy Cara Jozefowski,1
Jajun Wang Mert Karaman,1
Becky Smith,1
Patrick Pisarek,1
Physical Facilities;,1
Music,1
Newing College The,1
AC-Chamber Hall The,1
Wren Fritsky,1
The City,1
Social Sciences,1
Graduate Nasser Richard Malit PhD,1
Assistant Professor Mohammad Younis,1
Program Read,1
Binghamton University Japanese Association,1
Verterans Day,1
Xiaoming Chen,1
Binghamton’s Michael Antinozzi,1
Alexis Smith,1
Mansfield,1
Arduino Exposition Ninety-nine,1
Harpur Peer Advising,1
Long Island’s Brand New,1
Alumnus Dave Czarnecki,1
Arielle Cravatta,1
Binghamton’s Justin Lister,1
New York State,1
Conklin,1
Horrors.”,1
Daphne Marshall,1
SOS Shelter,1
Space,1
Erika Moore,1
World,1
Southern Tier High Tech Incubator,1
Kathryn Saturnino,1
Ying Xu,1
The Chenango Room,1
Campus Rec,1
Cali Kreb,1
Orientation Advisor Taylor Mackenzie,1
Broome Hall,1
University Union’s Mandela Room. ,1
Kiana Smith,1
Roommates Jessica Bracco,1
Eddie O’Connor,1
Cohen University,1
Guitar Hero,1
Taiwan,1
Mario Kart-themed,1
Alumnus Matthew Russo,1
West Gym Attendees,1
Abraham J Briloff Lecture Series,1
Alumni Connections Office,1
Empire Rugby Conference,1
Peter Prosper,1
Renee Kiviat,1
Paste Magazine,1
Cosmic Golf\Black Light Party,1
Goalkeeper Jen McEachron,1
Old Vestal Road Participating,1
Binghamton University’s Events Center,1
Briggs,1
Harvest Fest,1
Beach,1
"Constitutional Order,” Nov",1
HDEV,1
Alumna Sara Levy Tucker,1
Cortland,1
Sandy Creek,1
Gloria Hopkins,1
Huntsville,1
Jessica Mero,1
Chinese Lunar New Year The,1
Maura McDevitt,1
New Rochelle High School,1
Evan Flury,1
Yom Ha’atzmaut Israel’s Independence Day,1
Egyptian Ratscrew,1
Xavier The Bearcats,1
Max Stern,1
Brent Cross’s,1
Binghamton University Nature Preserve,1
Arduino Expo,1
Foundations,1
Broome County Habitat,1
Events Center Both,1
Baldwinsville,1
Integrated Electronics Engineering Center,1
Alexander Macris,1
Phil Woods,1
Kristen Briggs,1
New York State Center,1
Binghamton University’s Cheer Team,1
Midas,1
Soon-to-be,1
Mitchell,1
American Politics”,1
Latoya:,1
Resident,1
Arshia Panicker,1
Endicott Interconnect Technologies A,1
Donna Russell,1
Faculty Marshal Diane Crews,1
Omar Hashmi Kit DiSalvo Janice Henry,1
Arab Spring,1
National Book Award,1
Concord Mass.,1
Cassie,1
"Mark Wnorowsky,  Danielle Zvinys Alex Wnorowsky Nelson Lam, ",1
Alison Entin,1
Tyler Jones,1
John Arthur Café,1
BA,1
Family Weekend Horvath,1
Brilliant Binghamton.” Photo Contest To,1
Binghamton Brewing Co,1
Associate Professor Douglas Summerville’s,1
Drumming Ensemble,1
Otsiningo Park,1
Nina Delmonte Flanagan,1
New York Giants,1
Bianca Byfield,1
Fridays,1
Twins Janine,1
Gerald E Kadish,1
Road Not Taken”,1
Despite,1
Mechanical Engineers,1
By,1
Brooklyn-based,1
Mike Horn,1
Binghamton University’s Josh Patterson,1
Binghamton University Men’s Rugby Club,1
Michael Forzano,1
Middle East Get,1
Deborah Bundy,1
Special Collections Room,1
Newing College Convocation,1
A Chinese,1
Diede,1
Kishana Thomas,1
Canoe Wars,1
Alex Ogundadegbe,1
Paul Ackerman,1
J David Hacker,1
Chemistry Department,1
Lourdes Health,1
Prevention,1
Kayla Anderson,1
Pat Metheny,1
Don Quixote; Austin Todey,1
Africa Hinman College Faculty Master Al Vos,1
Caitlin Nelson,1
Hinman Hysteria,1
Richard Lopez,1
Leadership Studies,1
"Bad,”",1
"Baltimore County,16-3",1
Philosophy Department,1
Undergraduate Richard Lieberman,1
Emma Lunderman,1
Newing College Faculty Master William Ziegler,1
RA Meal Time”,1
Laurie Rasperek,1
Mai Pham,1
Pirate Club Boat Race,1
The Pittsburgh Post-Gazette,1
Thomas Farrell’s,1
Adelphi University,1
Steven Celeste,1
Binghamton Find,1
Harvey,1
Team LaCross Motorsports,1
Max Eienstate,1
Rimer Cardillo,1
Marlon Beck,1
Alumnus Kurt Mohney,1
Binghamton University Flute Ensemble,1
Alison Maria Fasolino,1
Bohemia,1
Toy Drive,1
Mike,1
Chemung N.Y.,1
Alex Gill-Pelchar,1
University Provost’s Office Sodexo Campus Services Greenblott Metal Company Tonawanda Coke Company,1
Kayla,1
Austin Texas,1
Michael Zella,1
Kelly Vaccaro,1
Emily Pape,1
Grace Vickers,1
Bryant,1
Amanda Winer,1
Rain”,1
Public Service Learning Community,1
"Binghamton University,  August",1
Watters Theater Additional,1
Johnson City; Erik Flores,1
Zurack Trading Room,1
Pushcart Coffee Lisa Fischoff,1
Oakland Athletics,1
Japan Night,1
President Harvey Stenger),1
Dan McCurry,1
John W Frazier,1
Iraq Proceeds,1
Ronald Gonzalez,1
Archaeology,1
Brothers,1
Mark Fowler,1
Kishan Zuber,1
President’s Reception Room,1
Yervan Armenia,1
Spirituality Project,1
Stroudsberg Pa.,1
Americans,1
Terina Cayne’s,1
Frank Cardullo,1
Albertson,1
Roman Kukil,1
Wayne Jones,1
Fiery Trial: Abraham Lincoln,1
Dialogues,1
Psychology,1
Dickinson Community Wolford,1
Robin Pape,1
Woodstock,1
James Dix Binghamton University,1
Sumanth Raja,1
Al” Haber,1
The Osterhout Concert Theater,1
Marcy Hall’s Great Room Feb,1
Michael League,1
Brian Freeman,1
The Binghamton University Crew Club,1
Mohegan Lake,1
Sang Won Yoon Mohammad Khasawneh Zhongfei,1
"Breadth Through Depth To Perspective,”",1
Ball,1
Alexa,1
Amanda Konopa,1
John J McKenna,1
Eric Berger,1
Humane Letters,1
Major League Baseball First-Year Player Draft June,1
Erik:,1
Robert Frost,1
TEDx,1
Students Parent Hangout,1
Daily Photo! It,1
Steven D Machlin,1
Luisa L Batiz,1
SoJin Hahn,1
Tesla Model S Performance,1
Trumansburg; Tim O’Brien,1
Bradford,1
Zack Snyder,1
Academic Building B August,1
Matthew Wiegert,1
Tyler Reed,1
Woodrow Wilson Elementary,1
Binghamton’s Brian Wall,1
Monuments Man,1
Hornsby,1
The Student Wing Academic Building A,1
Holy Family,1
David Zhou,1
Jessica Terry,1
Paul Turovsky,1
Bicycle,1
Esti Lodge,1
Rachel Park,1
NCAA Division I Wrestling Championship March,1
Angelica Rodriguez,1
Melissa Penrose,1
Webscalers,1
Wilson Regional Medical Center,1
Bob Dorough,1
U.S Sen Kirsten Gillibrand,1
Caucasians Keeping Unity,1
People”,1
Lecture Hall. ,1
Scholar Services,1
Sade Grant,1
Amaretto—an American,1
Signal Sweater”,1
Ben Kingsley,1
MSW,1
The Career Development Center,1
Edna Turnblad,1
Guggenheim Fellowship,1
Alex Kosick,1
Drew Saunders,1
Mega Challah Bake,1
Glencove,1
Commencement Weekend,1
Hillside Commons,1
Linda Cimino,1
Turning,1
Indonesia,1
Tony Tsang,1
Matt Kaylor,1
Binghamton University’s E.W Heier Teaching,1
Public Affairs Also,1
Traci Rubin,1
"Man’s Cell Phone,”",1
International Connections Club Here Corna,1
Wayne N.J.,1
Hinman College The,1
Binghamton University Interim President C Peter Magrath,1
Route,1
Rocketry Workshop,1
Performing Arts Next,1
Ginnie Rinehart,1
Vestal Middle School,1
Pavlovskis-Petit’s,1
Binghamton’s President,1
Cynthia Amoah Aisatou Toure,1
Events Center Chabad,1
Context,1
NY Tax-Free Communities,1
The Soweto Gospel Choir,1
American Red Cross Blood Drive,1
Women Engineers,1
Dickinson Amphitheater Kevin Pinkel,1
Baltimore,1
Imani Watkins,1
Kelly James,1
Old Digman,1
Friday May,1
Elaine Patterson,1
Neal Bonenberger,1
Mechanical Engineering Howard Wang,1
Susan Dolcemascolo,1
Siyuan Ma,1
Freshmen Picnic,1
Unique Works,1
