Binghamton University,160
Events Center,136
Binghamton,132
University Union,95
Engineering,81
Students,68
Anderson Center,53
Fine Arts Building,49
Glenn G Bartle Library,49
Watson School,46
Applied Science,46
Dickinson Community,45
University,40
Performing Arts,39
Glenn G Bartle Library Tower,39
Mountainview College,36
West Gym,36
Peace Quad,34
Harpur College,34
Science,34
Newing College,32
School,30
Spring Fling,27
Community,26
Bearcats Sports Complex,25
Nature Preserve,25
Innovative Technologies Complex,25
President Harvey Stenger,25
Mandela Room,25
The Bearcats,24
East Gym,23
New York City,23
Management,23
English,21
Brooklyn,21
Snow,20
Lecture Hall,20
Center,20
Watters Theater,18
Bearcats,18
Construction,18
Clock Tower,18
Harpur Quad,18
Binghamton’s,18
Lois B DeFleur Walkway,18
Public Affairs,17
Science Building,17
Hinman College,17
Syracuse,16
Nursing,16
University Downtown Center,16
College,16
Incoming,16
Homecoming Weekend,16
Johnson City,16
Couper Administration Building,15
PhD,15
Members,15
Saturday,15
Bearcat,15
Friday,15
Decker School,14
Baxter,14
Vestal,14
Jewish Student Life,14
University Union West,14
College-in-the-Woods,14
Homecoming,14
Associate Professor,14
Endicott,14
Commencement,13
Chabad Center,12
Engineering Building,12
American,12
Class,12
Shabbat,12
Queens,12
China,12
Physical Facilities,11
University Art Museum,11
Academic Building A,11
Department,11
Thomas J Watson School,11
Chenango Champlain Collegiate Center,11
Albany,11
Family Weekend,11
Memorial Courtyard,10
Appalachian Collegiate Center,10
University’s,10
Excellence,10
Tillman Lobby,10
Pictured,10
Fall,10
Buffalo,10
Sunday,10
Cornell,10
Hartford,9
Frost Fest,9
Graduate,9
Bingham Hall,9
